,,,
A,Garchinger Hochschulgelände 1,,
A0,"TUM, Geb. 5212, RCM-Hauptbau",Walther-Meißner Straße 3,85748 Garching
A1,"TUM, Geb. 6101, Heizhaus",Römerhofweg 67,85748 Garching
A2,"TUM, Geb. 6201-6206, Feuerwehr",Römerhofweg 67,85748 Garching
A3,"TUM, Geb. 5275, Bayerisches Zentrum für Angewandte Energieforschung e.V. ( ZAE Bayern)",Walther-Meißner-Str. 6,85748 Garching
A4,"TUM, Geb. 5701, Munich Institute of Biomedical Engineering (MIBE) (ehem. MSB,ehm.IMETUM)",Boltzmannstr. 11,85748 Garching
A5,"SWH, Wohnheim Enzianstraße (Garching II)",Enzianstr. 1-3,85748 Garching
A6,"TUM, Geb. 5209, (alter) Reaktor-Betriebs- und Laborgebäude",James-Franck-Straße/Boltzmannstraße,85748 Garching
A7,"TUM, Geb. 5210, (alter) Reaktor-Betriebszentrale",Lichtenbergstr. 1,85747 Garching
A8,"TUM, Geb. 6102, Betriebsgebäude I",Römerhofweg 67,85748 Garching
A9,"SWH, Wohnheim Jochbergweg (Garching I)",Jochbergweg 1,85748 Garching
AA,Gesellschaft für Anlagen- und Reaktorsicherheit (GRS) gGmbH,Boltzmannstraße 14,85748 Garching
AB,"TUM/LMU, Maier-Leibniz-Laboratorium",Am Coulombwall 6,85748 Garching
AC,"TUM, Geb. 5402, Chemiegebäude Bau Ch2",Lichtenbergstraße 4,85748 Garching
AD,"TUM, Geb. 5403, Chemiegebäude Bau Ch3",Lichtenbergstraße 4,85748 Garching
AE,"TUM, Geb. 5408, Chemie Hofgebäude I",Lichtenbergstraße  4,85748 Garching
AF,"TUM, Geb. 5401, Chemiegebäude Bau Ch1, Bibliothek, Hörsaal",Lichtenbergstraße 4,85748 Garching
AG,"TUM, Geb. 5406, Chemiegebäude Bau Ch6",Lichtenbergstraße 4,85748 Garching
AH,"TUM, Geb. 5407, Chemiegebäude Bau Ch7",Lichtenbergstraße 4,85748 Garching
AI,"MPG, Institut für Plasmaphysik (IPP)",Boltzmannstr. 2,85748 Garching
AJ,"TUM, Geb. 5204, Umformtechnik und Gießereiwesen",Walther-Meißner-Straße 4,85748 Garching
AK,"TUM, Geb. 5203, Bürogebäude (ehem. GRS)",Walther-Meißner-Str. 1,85748 Garching
AL,"LMU, Geb. 5109, Physikgebäude",Am Coulombwall 1,85748 Garching
AM,"TUM, Geb. 5202, Reaktorbereich, Zyklotron",Lichtenbergstr. 1,85748 Garching
AN,"TUM, Geb. 5302, Mensa, Raumfahrttechnik, Campus Cneipe",Lichtenbergstr. 2,85748 Garching
AO,"TUM, Geb. 5219, Verwaltungsstelle",Walther-Meißner-Str. 2,85748 Garching
AP,"TUM, Geb. 5256, RCM-Laborbau",Walther-Meißner-Str. 3,85748 Garching
AQ,"TUM, Geb. 5107, Physik II",Am Coulombwall 2,85748 Garching
AR,"TUM, Geb. 5409, Chemie Umfüllstation",Ernst-Otto-Fischer-Str.,85748 Garching
AS,"TUM, Geb. 5201, Reaktorbereich",Lichtenbergstr. 1,85747 Garching
AT,"TUM, Geb. 5101, Physikgebäude",James-Franck-Straße 1,85748 Garching
AU,"WMI, Geb. 5213, Tieftemperaturforschung",Walther-Meißner-Straße 8,85748 Garching
AV,"TUM, Geb. 5103, Betriebsgebäude II (Siemensbau)",Boltzmannstr. 10,85748 Garching
AW,"TUM, Geb. 5111, Siedlungswasserwirtschaft",Am Coulombwall 3,85748 Garching
AX,"TUM, Geb. 5108, Infra-Schall-Labor in Messbunker (im Gelände)",James-Franck-Straße 1,85748 Garching
AY,"WSI, Geb. 5112, Walter-Schottky-Institut",Am Coulombwall 4,85748 Garching
AZ,"TUM, Geb. 5130, Neubau Telefonzentrale",Boltzmannstr. 10a,85748 Garching
B,"TUM-Stammgelände, TUM-Nordgelände und nächste Umgebung",,
B1,"TUM, Geb. 0101, (N1) Hörsäle (U-Trakt)",Theresienstraße 90,80333 München
B2,"TUM, Geb. 0102, (N2) Hochvolthaus",Theresienstraße 90,80333 München
B3,"TUM, Geb. 0103, (N3) El.Masch./Geräte",Theresienstraße 90,80333 München
B4,"TUM, Geb. 0104, (N4) Elektro Physik",Theresienstraße 90,80333 München
B5,"TUM, Geb. 0105, (N5) Elektrotechnik",Theresienstraße 90,80333 München
B6,"TUM, Geb. 0106, (N6) Materialprüfamt",Theresienstraße 90,80333 München
B8,"TUM, Geb. 0108, (N8) Verfügungsgebäude",Theresienstraße 90,80333 München
B9,"TUM, Geb. 0109 RAR, (N9) Reflexionsarmer Raum",Theresienstraße 90,80333 München
BA,"TUM, Geb. 0510 (Stammgelände), TU-Verwaltung",Arcisstraße 21,80333 München
BB,"TUM, Geb. 0501 (Stammgelände)",Arcisstraße 21,80333 München
BC,"TUM, Geb. 0502 (Stammgelände)",Arcisstraße 21,80333 München
BD,"TUM, Geb. 0503 (Stammgelände)",Arcisstraße 21,80333 München
BE,"TUM, Geb. 0504 (Stammgelände)",Arcisstraße 21,80333 München
BF,"TUM, Geb. 0505 (Stammgelände)",Arcisstraße 21,80333 München
BG,"TUM, Geb. 0506 (Stammgelände-Theresianum)",Arcisstraße 21,80333 München
BH,"TUM, Geb. 0507 (Stammgelände)",Arcisstraße 21,80333 München
BI,"TUM, Geb. 0508 (Stammgelände), im Kern",Arcisstraße 21,80333 München
BJ,Jakob-Balde-Haus,Theresienstr. 100,80333 München
BL,"TUM, Geb. 0205",Arcisstr. 19,80333 München
BM,"TUM, Geb. 0509 (Stammgelände)",Arcisstraße 21,80333 München
BN,"TUM, Geb. 0206, Mensa",Arcisstr. 17,80333 München
BS,"TUM, Geb. 0202",Gabelsbergerstr. 39,80333 München
BT,"TUM, Geb. 0201 StudiTUM",Gabelsbergerstr. 43,80333 München
BU,"TUM, Geb. 0204",Gabelsbergerstr. 49,80333 München
BV,"TUM, Geb. 0203",Gabelsbergerstr. 45,80333 München
BW,"TUM, Geb. 2920",Gabelsbergerstr. 47,80333 München
BX,"LMU, Lehrstuhl Philosophy of Mind, Rückgebäude, Kellergeschoss",Gabelsbergerstraße 62,80333 München
BZ,"TUM, Tentomax Stammgelände (Prüfungszelt)",Arcisstr. 21,80333 München
C,HSWT Triesdorf (CA-CZ),,Triesdorf
C0,"TUM, Geb. L, Bildungscampus Heilbronn",Am Bildungscampus 9,D-74076 Heilbronn
C1,"TUM, Geb. D, Bildungscampus Heilbronn",Am Bildungscampus 2,D-74076 Heilbronn
C2,"TUM, Geb. R, Bildungscampus Heilbronn, Bibliothek",Am Bildungscampus 15,D-74076 Heilbronn
CA,"HSWT, Triesdorf Geb. A (Altbau)",Steingruberstr. 2,91746 Weidenbach
CB,"HSWT, Triesdorf Geb. B (HTE)",Steingruberstr. 2,91746 Weidenbach
CC,"HSWT, Triesdorf Geb. C (Neubau)",Markgrafenstr. 18,91746 Weidenbach
CD,"HSWT, Triesdorf Geb. D (Steingruberhaus und Container)",Steingruberstr. 2,91746 Weidenbach
CE,"HSWT, Triesdorf Geb. E",Steingruberstraße 1a,91746 Weidenbach
CF,"HSWT, Triesdorf Geb. F",Markgrafenstraße 16,91746 Weidenbach
CG,"HSWT, Triesdorf Geb. G",Steingruberstraße 1,91746 Weidenbach
CH,"HSWT, Triesdorf, Gasthaus Adler",Markgrafenstraße 14,91746 Weidenbach
CQ,"HSWT, Triesdorf Geb. Q (Glaswerke Arnold, Hallenbereich)",Neuseser Str. 1,91732 Merkendorf
CR,"HSWT, Triesdorf Geb. R (Glaswerke Arnold Bürogebäude)",Neuseser Str. 1,91732 Merkendorf
D,Block Theresienstraße /Barer Straße /Gabelsbergerstraße /Türkenstraße,,
DA,"LMU, Block A",Theresienstr. 37,80333 München
DB,"LMU, Block B",Theresienstr. 39,80333 München
DC,"LMU, Block C",Theresienstr. 41,80333 München
DN,Neue Pinakothek,Barer Str. 29 (Theresienstraße),80799 München
DO,Alte Pinakothek,Barer Straße 27,80333 München
DP,Pinakothek der Moderne - Architekturmuseum,Barerstr. 40,80799 München
E,Oberwiesenfeld / ZHS,Zwischen Mittlerem und Frankfurter Ring,München
EC,"TUM, Geb. 2940, Campus C, Sport Ausweichquartier O2",Georg-Brauchle-Ring 50 und 66,80992 München
ED,"TUM, Geb. 2941, Campus D, Sport Ausweichquartier O2",Georg-Brauchle-Ring 60-62,80992 München
EF,"TUM, Geb. 2315, ZHS, BFTS (Bayerisches Forschungs- und Technologiezentrum für Sportwissenschaft)",Connollystr. 32,80809 München
EG,"TUM, Geb. 2303, ZHS Kleine Halle",Connollystr. 32,80809 München
EH,"TUM, Geb. 2301, ZHS Spielhalle",Connollystr. 32,80809 München
EK,"TUM, Geb. 2303, ZHS",Connollystr. 32,80809 München
EN,"TUM, Geb. 2305 - Zentralbau Nord",Connollystr. 32,80809 München
EO,Studentenviertel Olympisches Dorf,Helene-Mayer-Ring 9,80809 München
ET,"TUM, Geb. 2308, ZHS Tribüne",Connollystr. 32,80809 München
EZ,"TUM, Geb. 2330-2334, CiO Campus im Olympiapark (ZHS)",Connollystr. 32,80809 München
F,Königsplatz,,
FA,"TUM, Geb. 2906, Karlstraße 45",Karlstraße 45,80333 München
FB,"SNSB, Bau 5.2, Staatssammlung f. Anthropologie u. Paläoanatomie",Karolinenplatz 2a,80333 München
FC,LMU Kulturwissenschaften,Schleißheimer Str. 4,80333 München
FD,"TUM, Geb. 2910-2911, Brienner Forum",Richard-Wagner-Straße 1 und 3,80333 München
FE,"LMU, Haus der Kulturen, ZIKG",Katharina-von-Bora-Straße 10,80333 München
FF,"HFF, Hochschule für Fernsehen und Film (HFF) Neubau","Bernd-Eichinger-Platz 1, ehem. Gabelsbergerstr. 33",80333 München
FG,"LMU, Geologische und Geographische Institute",Luisenstr. 37,80333 München
FH,"TUM, Katholische Hochschulgemeinde an der TUM",Karlstr. 32,80333 München
FI,"BAdW, Bayerisches Forschungsinstitut für Digitale Transformation (bidt)",Gabelsbergerstr. 4,80333 München
FJ,,,
FK,"Test Gebert, Gabelsbergerstr. 29",Gabelsbergerstr. 29,80333 München
FL,"TUM, Geb. 0401, Verwaltung, Mathematik",Richard-Wagner-Straße 18,80333 München
FM,"HMTM, Musikhochschule, Luisenstr. 37a",Luisenstr. 37a,80333 München
FN,"Gästeappartement HMTM Musikhochschule, Appartement 11","Barer Str. 34, RGB",80333 München
FO,Wohnheim K.St.V. Ottonia,Gabelsbergerstr. 24,80333 München
FP,"LMU, Paläontologie",Richard-Wagner-Str. 10,80333 München
FR,"HMTM Musikhochschule, Geb. C  (ehem. Lotteriegebäude)",Karolinenplatz 4a,80333 München
FS,"HMTM, Musikhochschule, Hauptgebäude",Arcisstr. 12,80333 München
FT,"HMTM, Musikhochschule, Geb. D   (ehem. Lotteriegebäude)",Karolinenplatz 4,80333 München
FV,Institut für Volkskunde,Barer Str. 13,80333 München
FW,Wohnheim der Ingeborg-van-Calker-Stiftung,Richard-Wagner-Str. 16,80333 München
FX,Glyptothek,Königsplatz 3,80333 München
FY,Staatliches Museum für Ägyptische Kunst  (SMAEK),Gabelsbergerstraße 35,80333 München
FZ,"TUM, Geb. 0305, (Südost 5) Block D (ehem. LRZ)",Barer Str. 21,80333 München
G,"Westlich Ludwigstraße, südlich Akademiestraße, östlich Türkenstraße, nördlich Theresienstraße",,
G1,"LMU, Informatik (Digitalisierung, Künstliche Intelligenz)",Akademiestraße 7,80799 München
G2,"IBZ, Amalienstraße 38",Amalienstr. 38,80799 München
GA,"LMU, Geb. 0110, Akademiestr. 1",Akademiestr. 1,80799 München
GB,"LMU, Geb. 0030, Hauptgebäude inkl. Turmgebäude, Bibliothek",Geschwister-Scholl-Platz 1,80539 München
GC,"LMU, Fakultät für Geschichte (Historicum), Schellingstr. 12, Altbau in Amalienstr. 52",Schellingstr. 12,80799 München
GD,"LMU, Geb. 0010, Hauptgebäude an der Adalbertstraße (Adalberttrakt)",Geschwister-Scholl-Platz 1,80539 München
GE,"LMU, Geb. 0000E, Hauptgebäude an der Amalienstraße (Amalientrakt)",Geschwister-Scholl-Platz 1,80539 München
GF,"LMU, Geb. 0090, Amalienstr. 54",Amalienstr. 54,80799 München
GG,"LMU, Geb. 0252, Schellingstr. 7",Schellingstr. 7,80799 München
GH,"LMU, Fachbibliothek Philologicum",Ludwigstr. 25,80539 München
GI,"MPG, Digital Library, MPI für Sozialrecht und Sozialpolitik (MPISOC)",Amalienstr. 33,80799 München
GJ,"LMU, Schellingstr. 5",Schellingstr. 5,80799 München
GK,"LMU, Geb. 0020, Hauptgebäude/Kernbereich, Physik-Altbau, Salinenhof",Geschwister-Scholl-Platz 1,80539 München
GL,"LMU, Schellingstr. 9",Schellingstr. 9,80539 München
GM,"LMU, Geb. 0000M, Hauptgebäude/Mitteltrakt",Geschwister-Scholl-Platz 1,80539 München
GN,"LMU, Amalienstr. 83",Amalienstr. 83,80799 München
GO,"LMU, Geb. 0121, Vorder- und Rückgebäude, Philosophie",Ludwigstr. 31,80539 München
GP,"LMU, Geb. 0040, Philosophie",Ludwigstr. 27,80539 München
GQ,"LMU, Geb. 0122, Rechtsinformatik",Ludwigstr. 29,80539 München
GR,"LMU, Geb. 0200, Rückgebäude, Fak. für Kulturwissenschaften Bibliothek",Schellingstr. 3,80799 München
GS,"LMU, Geb. 0203, Vordergebäude",Schellingstr. 3,80333 München
GT,"LMU, Amalienstr. 73",Amalienstr. 73,80799 München
GU,"LMU, Geb. 1020",Amalienstr. 17,80333 München
GV,"LMU, Geb. 0120, Statistik, Ludwigstr. 33",Ludwigstr. 33,80539 München
GW,"LMU, Geb. 0000W, Hauptgebäude, Geschwister-Scholl-Platz 1, Nord",Geschwister-Scholl-Platz 1,80539 München
GX,"LMU, Geb. 0060, Schellingstr. 10",Schellingstr. 10,80799 München
GY,"LMU, Geb. 0050, Schellingstr. 4",Schellingstr. 4,80799 München
GZ,"LMU, Geb. 0000Z, Hauptgebäude, Telefonzentrale",Geschwister-Scholl-Platz 1,80539 München
H,Residenz und Umgebung,,
HA,"BAdW, Bau A (Turmbau), Akademiegebäude",Alfons-Goppel-Str. 11,80539 München
HC,"BAdW, Bau C, Akademiegebäude",Alfons-Goppel-Str. 11,80539 München
HK,"BAdW,  Kapellenhof, Akademiegebäude",Alfons-Goppel-Str. 11,80539 München
HM,"SMSB, Staatliche Münzsammlung München",Residenzstraße 1,80333 München
HP,"MPG, Hauptverwaltung",Hofgartenstr. 2,80539 München
HT,"LMU, Theaterwissenschaften, Bühne",Neuturmstraße 5,80331 München
HZ,"BAdW, Bau B, Akademiegebäude",Alfons-Goppel-Str. 11,80539 München
I,Campus Großhadern / Martinsried,,
I1,Helmholtz-Zentrum GrH,Feodor-Lynen-Str. 21,81377 München
I2,Helmholtz-Zentrum CPC,Max-Lebsche-Platz 31,81377 München
IA,"LMU, FCP-A, Genzentrum, Molekularbiologie und Biochemie",Feodor-Lynen-Str. 25,81375 München
IB,"LMU, FCP-B, Pharmazeutische Biologie und Technologie",Butenandtstr. 5-13,81377 München
IC,"LMU, Geb. 2957, FCP-C, Pharmakologische Chemie",Butenandtstr. 7,81377 München
ID,"LMU, FCP-D, Anorganische Chemie",Butenandtstr. 5-13,81377 München
IE,"LMU, Geb. 2961, FCP-E, Physikalische Chemie",Butenandtstr. 5-13,81377 München
IF,"LMU, FCP-F, Organische Chemie",Butenandtstr. 5-13,81377 München
IG,"LMU, Neubau Bauabschnitt 2, Biologie I, Martinsried",Großhaderner Str. 2-4,82152 Planegg-Martinsried
IH,"LMU, Jugendmedizin",Heiglhofstraße 63,81377 München
II,"LMU, Tiermedizin, Ausweichquartier in Planegg",Lena-Christ-Straße 48,82152 Planegg
IJ,Mensa Martinsried,Großhaderner Str. 6,82152 Planegg-Martinsried
IK,"LMU, Geb. 010-060, (Bettenhaus), Klinikum Großhadern, Rechenzentrum der Medizin",Marchioninistraße 15,81377 München
IL,"LMU, Neubau Bauabschnitt 1, Biologie II, Martinsried",Großhaderner Str. 2,82152 Planegg-Martinsried
IM,"MPG, Institut für Neurobiologie, Martinsried (Bauteil IK)",Am Klopferspitz 18,82152 Martinsried
IN,"MPG, Institut für Biochemie, Martinsried, Bauteil IK",Am Klopferspitz 18,82152 Martinsried
IO,"LMU, Neubau  BioSysM, Haus K (Erweiterung Genzentrum)",Butenandtstr. 1,81377 München
IP,Zentrum für Prionforschung,Feodor-Lynen-Str. 27,81375 München
IQ,"IZB, Gründerzentrum Biotechnologie, Martinsried",Am Klopferspitz 19,82152 Planegg-Martinsried
IR,"LMU, Haus L,  Institut für Chemische Epigenetik München (ICEM)",Würmtalstraße 201,81375 München
IS,Wohnheim Sauerbruchstraße,"Sauerbruchstraße 59, 61 und Heiglhofstraße 44, 46",81377 München
IT,Wohnheim Heiglhofstraße,"Heiglhofstraße 64, 66",81377 München
IU,"LMU, Bauamt",Marchioninistr. 15a,81377 München
IV,Studentenbistro Martinsried,Großhaderner Straße 9a,82152 Planegg-Martinsried
IW,"TUM, Geb. 2801, Wassergüte",Marchioninistr. 17,81377 München
IZ,"LMU, Biomedizinisches Centrum (BMC)",Großhaderner Straße 9,82152 Planegg-Martinsried
J,Weihenstephan (inkl. Außenbezirke),,
J0,"TUM, Geb. 4321, TUM-Verwaltung (TBA)",Lange Point 24,85354 Freising
J1,"TUM, Geb. 4320, Heizhaus",Lange Point 24,85354 Freising
J2,"HSWT, Geb. H1 / 4391, Zentrum für Angewandte Brau- und Getränketechnologie (ZABG)",Am Staudengarten 13,85354 Freising
J3,"TUM, Geb. 4503, Versuchsgut Dürnast, Verwaltungsgebäude",Dürnast 1,85354 Freising
J4,"TUM, Geb. 4501, Versuchsgut Dürnast, Gutshof",Dürnast 1,85354 Freising
J5,"TUM, Geb. 4231, Versuchsgut Dürnast, LS Pflanzenernährung",Dürnast 1,85354 Freising
J6,"TUM, Geb. 4232, Versuchsgut Dürnast, GHL 3",Dürnast 1,85354 Freising
J7,"TUM, Geb. 4234,  Versuchsgut Dürnast, GHL 1",Dürnast 1,85354 Freising
J8,"TUM, Geb. 4235,  Versuchsgut Dürnast, GHL 2",Dürnast 1,85354 Freising
JA,"HSWT, Geb. 4199, Bioinformatik (C5)",Vöttinger Str. 27,85354 Freising
JB,"TUM, Geb. 4111, Versuchs- und Lehrbrauerei",Weihenstephaner Steig 18,85350 Freising
JC,"TUM, Geb. 4224, Biowissenschaft/Gentechnik",Gregor-Mendel-Str. 2,85350 Freising
JD,"TUM, Geb. 4225, Lebensmittelchemie u. Molekulare Sensorik",Lise-Meitner-Str. 34,85354 Freising
JE,Kinderkrippe Krabbelstube,Emil-Erlenmeyer-Forum 4,Freising
JF,"TUM, Geb. 4129/4132, Aquatische Systembiologie 'Mühle'",Mühlenweg 22,85354 Freising
JG,"HSWT, Versuchsgut Grünschwaige",Grünschwaige,85462 Eitting
JH,"TUM, Geb. 4275, Stallgebäude",An der Mühle 20,85354 Freising
JI,"IZB, Weihenstephan",Lise-Meitner-Straße 30,85354 Freising
JJ,"TUM, Geb. 4280, Servergebäude",,85354 Freising
JK,"TUM, Geb. 4384, Aufbereitungshalle für Gemüse",Am Staudengarten,85354 Freising
JL,"TUM, Geb. 4209, Landtechnik",Am Staudengarten 2,85354 Freising
JM,"TUM, Geb. 4211, Landtechnik",Vöttinger Str. 36,85354 Freising
JN,"TUM, Geb. 4521-4524,Versuchsstation Viehhausen",Viehhausen 4,85402 Kranzberg
JO,"TUM, Geb. 4318, Hans Eisenmann-Zentrum (Zentralinstitut für Agrarwissenschaften)",Liesel-Beckmann-Straße 2,85354 Freising
JP,"TUM, Geb. 4264, Protein Modelling",Emil-Erlenmeyer-Forum 8,85354 Freising
JQ,"TUM, Geb. 4103, Sammlungsbau",Alte Akademie 6,85354 Freising
JR,"TUM Geb. 4222, Servicegebäude Freising",Vöttinger Str. 40,85354 Freising
JS,"TUM, Versuchsstation Kranzberger Forst",,"11°39’42”E, 48°25’12”N"
JT,"TUM, Geb. 4601-4620, Thalhausen",Ampertshausen 15,85402 Kranzberg
JU,"TUM, Geb. 4800, AMC Versuchshalle Achering (Mühlich)",Acheringer Hauptsraße 32a,85354 Achering-Freising
JV,"TUM, Geb. 4180-4192 ,Veitshof",Veitsmüllerweg 4-6,85354 Freising
JW,"TUM, Geb. 4205, Franzosenstadl",Vöttinger Str. 40,85354 Freising
JZ,"TUM, Tentomax Weihenstephan (Prüfungszelt)",Gregor-Mendel-Str.,Freising
K,Klinikum Rechts der Isar,,
K1,"TUM, Geb. 561 | Chirurgische Klinik",Ismaninger Str. 22,81675 München
K2,"TUM, Geb. 546",Ismaninger Str. 13,81675 München
K3,"TUM, Geb. zwischen 523 und 507",Trogerstraße 5,81675 München
K4,"TUM, 2 kleine Geb. zwischen 507 und 528",Trogerstraße 3,81675 München
K5,"TUM, Geb. 1514, Interdisziplinäres Forschungsgebäude",Trogerstraße 9,81675 München
K6,"TUM, Geb. 528, Ecke Troger- / Einsteinstraße",Trogerstraße 1,81675 München
K7,"TUM, Geb. neben Geb. 523",Trogerstraße 7,81675 München
K8,"TUM, Geb. 541",Trogerstraße 5b,81675 München
K9,"TUM, Geb. 713, Lehr und Trainingszentrum (LUTZ)",Nigerstraße 3,81675 München
KA,"TUM, Geb. 501, Hauptgebäude",Einsteinstraße 3,81675 München
KB,"TUM, Geb. 502",Ismaninger Str. 22,81675 München
KC,"TUM, Geb. 503",Ismaninger Str. 22,81675 München
KD,"TUM, Geb. 504",Ismaninger Str. 22,81675 München
KE,"TUM, Geb. 507",Trogerstraße 1b,81675 München
KF,"TUM, Geb. 518, Psychosomatische Ambulanz",Langerstraße 3,81675 München
KG,"TUM, Geb. 1523, IMSE Rechenzentrum (RZ)",Einsteinstraße 5,81675 München
KH,"TUM, Geb. 508",Ismaninger Str. 22,81675 München
KI,"TUM, Geb. 509",Trogerstraße 5b,81675 München
KJ,"TUM, Geb. 510",Ismaninger Str. 22,81675 München
KK,"TUM, Geb. 511",Ismaninger Str. 8,81675 München
KL,"TUM, Geb. 562",Ismaninger Str. 22,81675 München
KM,"TUM, Geb. 1536, Geschichte und Ethik der Medizin",Trogerstr. 14,81675 München
KN,"TUM, Geb. 514",Trogerstraße 7,81675 München
KO,"TUM, Geb. 716",Neherstraße,81675 München
KP,"TUM, Geb. 516",Ismaninger Str. 22,81675 München
KQ,"TUM, Geb. 560",Ismaninger Str. 22,81675 München
KR,"TUM, Geb. 512",Trogerstraße 7,81675 München
KS,"TUM, Trogerstraße 5",Trogerstraße 5,81675 München
KT,"TUM, Geb. 2522, TranslaTUM",Einsteinstraße 25,81675 München
KU,"TUM, Geb. 506",Ismaninger Str. 22,81675 München
KV,"TUM, Geb. 520",Ismaninger Str. 22,81675 München
KW,"TUM, Geb. 551, Hörsaalgebäude",Einsteinstraße 3,81675 München
KX,"TUM, Geb. 552",Einsteinstraße 5,81675 München
KY,"TUM, Geb. 557",Trogerstraße 5,81675 München
KZ,"TUM; Geb. 522, TranslaTUM",Einsteinstraße 25,81675 München
L,Leopoldstraße vom Siegestor bis Münchner Freiheit mit Seitenstraßen,,
L1,"KHG, Studentencafe der Katholischen Hochschulgemeinde",Leopoldstraße 11,80802 München
L3,"LMU, Geb. 0601",Leopoldstr. 13,80802 München
LA,"LMU, Geb. 0602",Leopoldstr. 13,80802 München
LB,"LMU, Geb. 0603",Leopoldstr. 13,80802 München
LC,"LMU, Leopoldstraße 11, 11a, 11b","Leopoldstraße 11, 11a, 11b",80802 München
LD,"LMU, Center of Advanced Studies CAS",Franz-Joseph-Str. 15,80801 München
LE,"LMU, Georgenstr. 11",Georgenstr. 11,80799 München
LF,Studentinnenheim Sophie-Barat-Haus,Franz-Joseph-Str. 4,80801 München
LG,"LMU, Georgenstr. 5",Georgenstr. 5,80799 München
LH,"LMU, Seniorenstudium",Hohenstaufenstraße 1,80801 München
LI,frei,,
LJ,"ABZ, Ausbildungszentrum für Pastoralreferenten",Franz-Joseph-Str. 6,80801 München
LK,"LMU, Georgenstr. 7",Georgenstr. 7,80799 München
LL,"LMU, Soziologie",Konradstr. 6,80801 München
LM,"Mensa, Leopoldstr.",Leopoldstr. 13a,80802 München
LN,"LMU, Leopoldstraße 44",Leopoldstraße 44,80802 München
LO,LMU Leopoldstr. 30,Leopoldstr. 30,80802 München
LP,Priesterseminar St. Johannes der Täufer,Georgenstr. 14,80799 München
LQ,Studentenwohnheim Deutsche Burse e.V.,Friedrichstraße 34,80801 München
LS,"LMU, Geb. 0610",Leopoldstr. 15,80802 München
LT,"LMU, Geb. 0620",Leopoldstr. 5,80802 München
LV,"LMU, Geb. 0600",Leopoldstr. 3,80802 München
LW,HMTM Musikhochschule Außenstelle Ballett-Akademie,Wilhelmstr. 17-19,80801 München
LZ,Staatsbibliothek,Leopoldstraße 240,80807 München
M,Garchinger Hochschulgelände 3,,
M1,"TUM, Geb. 5901, Fakultät Elektro- und Informationstechnik BA1",Hans-Piloty-Straße 1,85748 Garching
M2,Siemens Technology Center Garching,Friedrich-Ludwig-Bauer-Str.,85748 Garching
M3,"TUM, Geb. 5305, Naturwissenschaftliche Didaktik und Bauchchemie (NDB)",Lichtenbergstraße,85748 Garching
M6,"TUM, Geb. 5143, Ver- und Entsorgungsstation Physik",Paula-Hahn-Weinheimer-Str. 2,85748 Garching
M7,"TUM, Garching, Geb. 5142, Parkhaus 7, P7",Am Coulombwall 6,Garching
M8,General Electric - Curie House,Freisinger Landstr. 50,85748 Garching
M9,"TUM, Geb. 8104, Carl-Zeiss-Str. 8",Carl-Zeiss-Straße 8,85748 Garching
MA,"TUM, Geb. 8111, Schleißheimer Str. 90A",Schleißheimer Str. 90A,85748 Garching
MB,"TUM, Geb. 5414, Neubau Zentrum Energie und Information (ZEI)",Lichtenbergstraße 4a,85748 Garching
MC,"TUM, Exzellenzcluster MIAPP (ehem. T1-Gebäude IPP)",Boltzmannstr. 2,85748 Garching
MD,"TUM, Geb. 5622 - Duschcontainer am Sportplatz",Boltzmannstraße 5,85748 Garching
ME,"TUM, Geb. 5530 - Exzellenzzentrum (vor Maschinenwesen)",Boltzmannstraße 17,85748 Garching
MF,"TUM, Geb. 5410 - Forschungszentrum für Katalyse CRC (Katum)",Ernst-Otto-Fischer-Str. 1,85748 Garching
MG,"Neubau Mensa Garching, Geb. 5304",Boltzmannstr. 19,85748 Garching
MH,"TUM, Geb. 5620, TUM Hall Interims Audimax I",Boltzmannstraße 5,85748 Garching
MI,Metall-Innung München-Freising-Erding,Lichtenbergstr. 10,Garching
MJ,"TUM, Geb. 5519, Leichtbauhalle (bei Imetum)",Boltzmannstraße 15,85748 Garching
MK,"Kinderhaus, Geb. 5531 (hinter Maschinenwesen)",Boltzmannstraße 15 re.,85748 Garching
ML,"LMU, Laboratory for Extreme Photonics (LEX), Center for Advanced Laser Applications (CALA)",Am Coulombwall 1a,85748 Garching
MM,"TUM, Geb. 5413 BNMR (Bavarian Nuclear Magnetic Resonanz) Zentrum",Ernst-Otto-Fischer-Straße 2,85748 Garching
MN,"TUM, Geb. 5116, ZNN Zentrum für Nanotechnologie und Nanomaterialien",Am Coulombwall 4a,85748 Garching
MO,"TUM, Garching, Geb. 5416, Interims Audimax II",Lichtenbergstraße 2b,85748 Garching
MP,"TUM, Geb. 8102, Business Campus Garching II",Parkring 35-39,85748 Garching
MQ,"TUM, Geb. 5415, Center for Protein Assemblies (CPA)",Ernst-Otto-Fischer-Str.,85748 Garching
MR,"TUM, Geb. 5128, Zentrum für Quantum Engineering (ZQE)",Am Coulombwall,85748 Garching
MS,"TUM, Geb. 5515, Zentrum für Softskills",Boltzmannstr. 15,85748 Garching
MT,UnternehmerTUM Neubau + ECM  Geb. 5433,Lichtenbergstraße 6 (neben GATE),85748 Garching
MU,"TUM, Physik Untergrundlabor",James-Franck-Str. 1,85748 Garching
MV,"TUM, Garching, Geb. 5532, StudiTUM",Lichtenbergstraße 3,Garching
MW,"TUM, Geb. 5250, RCM-Flachbau",Walther-Meißner-Straße 3,85748 Garching
MX,SAP Campus West,,Garching
MZ,"TUM, Geb. 5998, Tentomax Garching EI (Prüfungszelt)",Hans-Piloty-Str. 5,85748 Garching
N,"LMU, Tierärztliche Fakultät und Nano Institut, Schwabing",,
NA,"LMU, Geb. C (früher 0802), Anatomie",Veterinärstraße 13,80539 München
NB,"LMU, Geb. J (früher 0828), Chirurgie der Schweine",Königinstr.18,80539 München
NC,"LMU, Geb. G (früher 0824), Chirurgie",Königinstr. 14,80539 München
ND,"LMU, Geb. N (früher 0825), Chirurgie",Königinstr. 14,80539 München
NF,"LMU, Geb. P (früher 0823), Gynäkologie",Königinstr. 12,80539 München
NG,"LMU, Geb. E/F (früher 0820/0822) , Gynäkologie",Königinstr. 12,80539 München
NH,"LMU, Geb. R (früher 0840), Hygiene",Veterinärstraße 13,80539 München
NK,"LMU, Geb. 0310, Zoologie Fischkrankheiten",Kaulbachstr. 37,80539 München
NL,"LMU, Geb. L (früher 0827) Pharmazie",Königinstr.16,80539 München
NM,"LMU, Geb. S (früher 0850), Mikrobiologie+Pathologie",Veterinärstraße 13,80539 München
NN,"LMU, Geb. T (früher 0851), Mikrobiologie",Veterinärstraße 13,80539 München
NO,"LMU, Geb. Q (früher 0835), Rechnerbetriebsgruppe",Königinstr. 16,80539 München
NP,"LMU, Geb. H (früher 0826), Pharmazie",Königinstr. 16,80539 München
NQ,"LMU, Geb. K (früher 0830), Pharmazie",Königinstr. 16,80539 München
NS,"LMU, Geb. V (früher 0860), Stallung",Veterinärstr. 13,80539 München
NT,"LMU, Geb. B (früher 0801), Tierzucht",Königinstr. 8,80539 München
NY,"LMU, Geb. A (früher 0800), Physiologie",Veterinärstr. 13,80539 München
NZ,"LMU, Neubau Nano-Institut",Königinstr. 10,80539 München
O,"LMU, Oettingenstraße 67",,
OE,"LMU, Gebäudeteil F (früher E)",Oettingenstraße 67,80538 München
OG,"LMU, Gebäudeteil H (früher G)",Oettingenstraße 67,80538 München
OK,"LMU, Baracke auf Parkplatz",Oettingenstraße 67,80538 München
OZ,"LMU Oettingenstr. 67, Hauptgebäude",Oettingenstraße 67,80538 München
P,Campus Weihenstephan 1,,
P0,Wohnheim Giggenhauserstraße (Weihenstephan II),Giggenhauser Str. 25,85354 Freising
P1,Wohnheim Giggenhauserstraße (Weihenstephan IV),Giggenhauser Straße 27-33,85354 Freising
P2,"TUM, Geb. 4323, Kfz-Mechanikwerkstatt",Lange Point 24,85354 Freising
P3,"FHG/IVV, Fraunhofer Gesellschaft",Giggenhauser Str. 35,85354 Freising
P4,"TUM, Geb. 4218, Zierpflanzenbau, Botanik, Mikrobiologie",Emil-Ramann-Str. 4,85354 Freising
P5,"TUM, Geb. 4153, Teilverwaltung TUM (früheres Verwaltungsgebäude der Molkerei)",Weihenstephaner Berg 13,85354 Freising
P6,"TUM, Geb. 4307, Tierernährung Versuchsanlage",Liesel-Beckmann-Straße 6,85354 Freising
P7,Bayerische Staatsbrauerei Weihenstephan,Alte Akademie 2,85354 Freising
P8,SWH Vöttinger Straße (Weihenstephan I),Vöttinger Str. 49,85354 Freising
P9,"TUM, Geb. 4317, Neubau Tierwissenschaften",Liesel-Beckmann-Straße  1,85354 Freising
PA,"TUM, Geb. 4378, Heizhaus",Am Staudenkarten 10,85354 Freising
PB,"HSWT, Geb. 4375, SVA Lehrstuhl für Bodenkunde und Pflanzen",Am Staudengarten 14,85354 Freising
PC,"HSWT, Geb. 4376, SVA Lehrstuhl für Obstbau und Baumschulung",Am Staudengarten 12,85354 Freising
PD,"TUM, Geb. XXX, Forschungszentrums für integrierte Infektionsprävention (ZIP)",Liesel-Beckmann-Straße XX,85354 Freising
PE,"HSWT, Geb. 4383, Fachbereich Gartenbau, Technische Landwirtschaft",Lange Point 2,85354 Freising
PF,"HSWT, Geb. 4379, SVA Lehrstuhl für Zierpflanzenbau",Am Staudengarten 8,85354 Freising
PG,"TUM, Geb. 4213, Lebensmitteltechnikum",Maximus-von-Imhof-Forum 2,85354 Freising
PH,"HSWT, Geb. 4372, Hörsäle L - P, Staatliche Versuchsanstalt, Lehrstuhl für Obstverwertung",Am Staudengarten 11,85354 Freising
PI,"TUM, Geb. 4306, Tierernährung - Hauptgebäude",Liesel-Beckmann-Straße  6,85354 Freising
PJ,"HSWT, Geb. 4373, Hörsäle Lange Point, SVA Info-Stelle",Am Staudengarten 9,85354 Freising
PK,"HSWT, Geb. 4374, Hörsaal L-P, SVA Institut für Gemüsebau, Stauden und Gehölze",Am Staudengarten 7,85354 Freising
PL,"HSWT, Geb. 4386, Blumenschule",Am Staudengarten 6,85354 Freising
PM,"TUM, Geb. 4304, Pflanzenbau",Lange Point 51,85354 Freising
PN,"HSWT, Geb. 4377",Am Staudengarten 10,85354 Freising
PO,"TUM, Geb. 4308, Tierernährung-Institutsgebäude",Liesel-Beckmann-Straße 4/Steinbreite,85350 Freising
PP,"TUM, Geb. 4309, Wirtschaftslehre des Gartenbaus",Blumenstr. 16,85354 Freising
PQ,"TUM, Geb. 4313, Zierpflanzenbau",Blumenstr. 12,85354 Freising
PR,"HSWT, Geb. 4179 (C4), Pappelallee",Weihenstephaner Berg 5,85354 Freising
PS,"TUM, Geb. 4311, Zierpflanzenbau",Blumenstr. 16,85354 Freising
PT,"TUM, Geb. 4108",Alte Akademie 10,85354 Freising
PU,HSWT Geb. 4123 (von HSWT freigegeben),Weihenstephaner Berg 4,
PV,"HSWT, Geb. 4171, Alte Baumschule (A10)",Weihenstephaner Fußweg 17,85354 Freising
PW,"HSWT, Geb. 4173, Institutsgebäude (A4)",Weihenstephaner Fußweg 1,85354 Freising
PX,"HSWT, Geb. 4174, Bibliothek (A8)",Weihenstephaner Fußweg 1,85354 Freising
PY,Wohnheim Lange Point (Weihenstephan III),Lange Point 1-35,85354 Freising
PZ,"TUM, Geb. 4223, Anbau an Geb. 4219, Genetik",Emil-Ramann-Str. 8,85350 Freising
Q,Campus  Weihenstephan 2,,
Q0,"TUM, Geb. 4219, Landpflege und Botanik",Emil-Ramann-Str. 6,85354 Freising
Q1,"TUM, Geb. 4221, Telefonzentrale",Emil-Erlenmeyer-Forum 7,85354 Freising
Q2,"TUM, Geb. 4277, Forstwissenschaft, FVA - Forstwissenschaftliche Versuchsanstalt",Hans-Carl-von-Carlowitz-Platz 2,85354 Freising
Q3,"TUM, Geb. 4238, Werksfeuerwehr",Emil-Erlenmeyer-Forum 2,85354 Freising
Q4,"TUM, Geb. 4106, Wirtschaftslehre des Landbaus",Alte Akademie 14,85354 Freising
Q5,"TUM, Geb. 4107, Ernährungslehre",Alte Akademie 16,85354 Freising
Q6,"Dienstleister / Eltern-Kind, Geb. 4254",Emil-Erlenmeyer-Forum 6,85354 Freising
Q7,"HSWT, Geb. 4176, Lehrgebäude (A1)",Weihenstephaner Fußweg,85354 Freising
Q8,"TUM, Geb. 4212, Physik, Chemie, Zentrallaboratorium",Emil-Erlenmeyer-Forum 5,85354 Freising
Q9,"HSWT, Geb. 4125, Löwentorgebäude (A3)",Weihenstephaner Fußweg,85354 Freising
QA,"TUM, Geb. 4124, FML neu - Zentrum für Milch- und Lebensmittel",Weihenstephaner Berg 3,85354 Freising
QB,"TUM, Geb. 4130, ehemalige Datenverarbeitung",Weihenstephaner Berg,85354 Freising
QC,"TUM, Geb. 4117, Grünlandlehre",Weihenstephaner Steig 19b,85354 Freising
QD,"TUM, Geb. 4109, Studierendenservice, LS f. Lebensmittelverpackungstechnik",Weihenstephaner Steig 22,85354 Freising
QE,"TUM, Geb. 4101",Alte Akademie 3,85354 Freising
QF,"HSWT, Geb. 4172, Stammgebäude (A5), Verwaltung (A6) und Salettl (A7)",Weihenstephaner Fußweg 1,85354 Freising
QG,"TUM, Geb. 4102, Bibliothek und Dekanatsgebäude",Alte Akademie 8,85354 Freising
QH,"TUM, Geb. 4105, Ökologischer Landbau, Grünlandlehre",Alte Akademie 12,85354 Freising
QI,"TUM, Geb. 4214, Zentrales Hörsaalgebäude",Maximus-von-Imhof-Forum 6,85354 Freising
QJ,"HSWT, Geb. 4276, Wald und Forstwirtschaft",Hans-Carl-von-Carlowitz-Platz 3,85354 Freising
QK,"TUM, Geb. 4210  Landtechnik",Am Staudengarten 2,85354 Freising
QL,"TUM, Geb. 4215, Zentrales Praktikagebäude",Maximus-von-Imhof-Forum 4,85354 Freising
QM,"TUM, Geb. 4110, Brauerei I",Weihenstephaner Steig 20,85354 Freising
QN,"TUM, Geb. 4119 / 4120",Hohenbachernstr.   15 und 17,85354 Freising
QO,"TUM, Geb. 4126, Lebensmittelverfahrenstechnik",Weihenstephaner Berg 1,85354 Freising
QP,"TUM, Geb. 4114, Betriebshof",Weihenstephaner Steig 14,85354 Freising
QQ,"TUM, Geb. 4115, Senger - Wohnhaus",Weihenstephaner Steig 19,85354 Freising
QR,"HSWT, Geb. 4178, Kleine Kustermannhalle (A9)",Am Hofgarten 4,85354 Freising
QS,"TUM, Geb. 4226, Internationales Getränkewissenschaftliches Zentrum (iGZW)",Gregor-Mendel-Str. 4,85354 Freising
QT,"TUM, Geb. 4217, Bodenkunde",Emil-Ramann-Str. 2,85354 Freising
QU,"TUM, Geb. 4113, StudiTUM Weihenstephan (ehemalige Schnapsbrennerei)",Weihenstephaner Steig 16,85354 Freising
QV,"TUM, Geb. 4116, Kinderkrippe ""Kindervilla""",Weihenstephaner Steig 17,85354 Freising
QW,"TUM/HSWT Weihenstephan, Geb. 4281, Zentrum für Naturwissenschaftliche Grundlagen, Geb. D1",Am Staudengarten 1,85354 Freising
QX,"TUM, Server Gebäuder WZW (Neubau)",Gregor-Mendel-Straße,85354 Freising
QY,"TUM, Geb. 4220, Bibliothek Neubau",Maximus-von-Imhof-Forum 3,85354 Freising
QZ,"TUM, Geb. 4216, Mensa",Maximus-von-Imhof-Forum 5,85354 Freising
R,Hochschule München,,
RA,"HM, Gebäude A",Lothstr. 34,80335 München
RB,"HM, Gebäude B",Dachauerstr. 98b,80335 München
RC,"HM, Gebäude C",Loristr. 19,80335 München
RD,"HM, Gebäude D",Ferdinand Miller Platz,80335 München
RE,"HM, Gebäude E",Dachauerstr. 98b,80335 München
RF,"HM, Gebäude F",Karlstr. 6,80333 München
RG,"HM, Gebäude G",Lothstr. 34,80335 München
RH,"HM, Gebäude H",Lothstr. 13d,80335 München
RI,"HM, Erweiterungsbau Bibliothek",Lazarettstr. 62,80636 München
RK,"HM, Gebäude K, Altbau",Am Stadtpark 20,81243 München
RL,"HM, Gebäude L, Pasing, Neubau",Am Stadtpark 20,81243 München
RM,"HM, Gebäude M",Infanteriestr. 14,80797 München
RN,"HM, Gebäude N",Infanteriestr. 13,80797 München
RR,"HM, Gebäude R1, R2, R3",Heßstraße 89 / Lothstr. 64,80335 München
RS,"HM, Gebäude S",Schachenmeierstr. 35,80636 München
RT,"HM, Gebäude T, Neubau",Dachauer Str. 100a,80335 München
RV,Bayerisches Staatsinstitut für Hochschulforschung und Hochschulplanung (IHF),Lazarettstraße 67,80636 München
RW,"HM, Gebäude W",Lothstr. 21,80335 München
RX,"HM, Geb.2201/2202, Vorder und Rückgebäude",Lothstr. 17,80335 München
RY,"HM, Gebäude Y",Clemensstr. 33,80803 München
RZ,"HM, Gebäude Z, Kita Herzerl",Lazarettstr. 60/62,80803 München
S,"LMU, östlich Ludwigstr., nördlich Adalbertstr.",,
SA,"LMU, Bauamt",Ludwigstr. 18,80539 München
SB,Staatsbibliothek,Ludwigstr.16,80539 München
SC,"LMU, Schackstr. 4",Schackstr. 4,80539 München
SD,"LMU, Ludwigstr. 14",Ludwigstr. 14,80539 München
SE,"Hochschule für Philosophie (Medienethik, Philosophie und Leadership)",Kaulbachstraße 22a,80539 München
SF,"LMU, Vestibülbau",Ludwigstr./Prof.-Huber-Pl. 2,80539 München
SG,LMU Giselastraße 10,Giselastraße 10,80802 München
SH,"LMU, Seestraße 13",Seestraße 13,80802 München
SI,"Wohnheim Kaulbachstraße, Marie-Antonie Haus",Kaulbachstraße 49,80539 München
SJ,"LMU, Juristisches Seminargebäude",Prof-Huber-Platz 2,80539 München
SK,"LMU, Geb. 0407, Rückgebäude",Ludwigstr. 28,80539 München
SL,"LMU, Geb. 0410, Vordergebäude",Ludwigstr. 28,80539 München
SM,LMU Martiusstr. 4,Martiusstr. 4,80802 München
SN,Wohnheim Georgianum,Prof.-Huber-Pl. 1,80539 München
SO,"LMU, Ostasieninstitut",Kaulbachstr. 53,80539 München
SP,Historisches Kolleg,Kaulbachstr. 15,80539 München
SQ,"LMU, Kaulbachstr. 45",Kaulbachstr. 45,80539 München
SR,SWH Newman-Haus,Kaulbachstr. 27-29,80539 München
ST,"LMU, (DAF, MCG) Schönfeldstr. 13",Schönfeldstr. 13,80539 München
SU,"LMU, Jura, Veterinärstr. 1",Veterinärstr. 1,80539 München
SV,"LMU, Jura, Veterinärstr. 5",Veterinärstr. 5,80539 München
SW,Johannes-Hanselmann-Haus,Kaulbachstr. 25,80539 München
SX,Bayerische Staatsbibliothek,Kaulbachstr. 19,80539 München
SY,"Hochschule für Philosophie, Institut für Gesellschaftspolitik",Kaulbachstr. 31,80539 München
T,"LMU, Innenstadtkliniken",,
TA,"LMU, Augenklinik",Mathildenstraße 8,80336 München
TB,"LMU, Zahnklinik",Goethestr. 68,80336 München
TC,"LMU, Chirurgische Klinik",Nussbaumstraße 20,80336 München
TD,"LMU, Frauenlobstraße 7a",Frauenlobstraße 7a,80337 München
TE,"LMU, Schillerstr. 42-46",Schillerstr. 42-46,München
TF,"LMU, Innenstadtkliniken, Bavariaring 19",Bavariaring 19,80336 München
TG,"LMU, Gebäudekomplex Bereich Physiologie",Goethestr. 33,80336 München
TH,"LMU, Medizinische Lesehalle",Beethovenplatz 1,80336 München
TL,"LMU, Gebäudekomplex Nervenklinik",Nußbaumstraße 7,80336 München
TM,"LMU, Frauenklinik",Maistraße 11,80337 München
TP,"LMU, Kreislaufprophylaxe + Bauamt",Pettenkoferstraße 9,80336 München
TQ,"LMU, Theoretische Institute, Pettenkoferstraße 12",Pettenkoferstraße 12,80336 München
TR,"LMU, Theoretische Institute, Pettenkoferstraße 14",Pettenkoferstraße 14,80336 München
TS,"LMU, Rechtsmedizin",Nußbaumstraße 26,80336 München
TW,"LMU Klinikum, Campus Innenstadt",Lindwurmstraße 2a,80337 München
TZ,"LMU, Klinikum,  Ziemssenstraße 1",Ziemssenstraße 1,80336 München
U,Wissenschaftszentrum Straubing  (TUM+HSWT),,
U0,"TUM, Geb 76B/76C, für Luftfahrt, Raumfahrt und Geodäsie, Ludwig-Bölkow-Campus",Willy-Messerschmidt-Str. 1,82024 Taufkirchen
U1,"TUM, Algentechnikum, Geb. 78, Ludwig-Bölkow-Campus",Willy-Messerschmidt-Str. 1,85521 Ottobrunn
U2,"TUM, Geb. 90B,  Lehrstuhl LCC, Ludwig-Bölkow-Campus",Willy-Messerschmidt-Str. 1,85521 Ottobrunn
U3,"TUM, Geb. 91.12, Lehrstuhl LCC, Ludwig-Bölkow-Campus 	Lageplan",Willy-Messerschmidt-Str. 1,85521 Ottobrunn
U4,"TUM, Geb. 9377,  Fakultät für Luftfahrt, Raumfahrt und Geodäsie","Lise-Meitner-Str. 9, 9a",85521 Ottobrunn
U5,"TUM, Airbus Geb. 5.1",Robert-Koch-Straße 1,82024 Taufkirchen
U6,"TUM, Geb. 9378, Fakultät für Luftfahrt, Raumfahrt und Geodäsie (Panasonic Gebäude)",Caroline-Herschel-Straße 100,85521 Ottobrunn
U7,"TUM, Geb. 9379, LRG, 10.1A, 10.1B, 10.2",Lise-Meitner-Straße 8,85521 Ottobrunn
UA,"TUM/WZS, Geb. 3501, Straubing Neubau CS",Schulgasse 16,94315 Straubing
UB,"WZS, Kompetenzzentrum Nachwachsende Rohstoffe",Schulgasse 18,94315 Straubing
UC,"TUM/WZS, Geb. 2927, Straubing Klostertrakte",Petersgasse 18,94315 Straubing
UD,"TUM/WZS, Straubing Fraunhofer Institut Projektgruppe (IGB) BioCat",Schulgasse 11a,94315 Straubing
UE,"TUM/WZS, Geb. 3502, ehemalige VHS",Schulgasse 22,94315 Straubing
UF,"TUM/WZS, Geb. 3503, ehem. Jugendamt",Petersgasse 5,94315 Straubing
UG,"TUM/WZS, Geb. 3515, Am Essigberg",Am Essigberg 3,94315 Straubing
UH,"TUM/WZS, Geb. 3505, Hörsaal und Forschungsgebäude für nachhaltige Chemie",Uferstraße 53,94315 Straubing
UI,"TUM/WZS, Geb. 3504, Interimsgebäude",Schulgasse 22 a,94315 Straubing
UJ,Stadtbibliothek im Salzstadel,Rentamtsberg 1,94315 Straubing
V,"LMU, Oberschleißheim",,
VA,"LMU, Tiermedizin, Klinik für Pferde",Sonnenstraße 14,85764 Oberschleißheim
VB,"LMU, VetMed, Bibliothek",Sonnenstraße 20,85764 Oberschleißheim
VC,"LMU Oberschleißheim Container , Geb. 4924",Schönleutnerstr. 8,85764 Oberschleißheim
VD,"LMU, VetMed, Department 1",Sonnenstraße 22,85764 Oberschleißheim
VE,"LMU, VetMed, Anatomie/Pathologie",Sonnenstraße 30,85764 Oberschleißheim
VH,"LMU, Versuchsgut St. Hubertus",St.-Hubertus-Str. 12,85764 Oberschleißheim
VI,"LMU, Institut für Infektionsmedizin und Zoonosen (Mikrobiologie I)",Sonnenstraße 24,85764 Oberschleißheim
VJ,"LMU, Instituts für Infektionsmedizin und Zoonosen (Mikrobiologie II)",Sonnenstraße 26,85764 Oberschleißheim
VK,"LMU, VetMed, Kleintierklinik",Sonnenstraße 12,85764 Oberschleißheim
VM,"LMU, Moorversuchsgut Badersfeld",Hackerstr. 27,85764 Oberschleißheim
VP,"LMU, Reptilienklinik Oberscheißheim, Geb. 4052",Sonnenstraße 18,85764 Oberschleißheim
VR,"LMU, Klauentierklinik, Geb. 4070",Sonnenstraße 16,85764 Oberschleißheim
VS,"LMU, Schleicherbau, Geb. 4925",Schönleutnerstr. 8,85764 Oberschleißheim
VV,"LMU, Geflügelkrankheiten (Vogelklinik), Geb. 4050",Sonnenstraße 18,85764 Oberschleißheim
VW,Wohnheim Oberschleißheim,Am Schäferanger 9-15,85764 Oberschleißheim
VY,"LMU, VetMed, Zentrale Einrichtungen 2",Sonnenstraße 28,85764 Oberschleißheim
VZ,"LMU, Tiermedizin, Geb. 4057D, Zentrale Einrichtungen",Sonnenstraße 16A,85764 Oberschleißheim
W,Garchinger Hochschulgelände 2,,
W0,"TUM, Geb. 5500 (Bauteil 0 ~5510), Maschinenwesen",Boltzmannstraße 15,85748 Garching
W1,"TUM, Geb. 5500 (Bauteil 1 ~5501), Maschinenwesen",Boltzmannstraße 15,85748 Garching
W2,"TUM, Geb. 5500 (Bauteil 2 ~5502), Maschinenwesen",Boltzmannstraße 15,85748 Garching
W3,"TUM, Geb. 5500 (Bauteil 3 ~5503), Maschinenwesen",Boltzmannstraße 15,85748 Garching
W4,"TUM, Geb. 5500 (Bauteil 4 ~5504), Maschinenwesen",Boltzmannstraße 15,85748 Garching
W5,"TUM, Geb. 5500 (Bauteil 5 ~5505), Maschinenwesen",Boltzmannstraße 15,85748 Garching
W6,"TUM, Geb. 5500 (Bauteil 6 ~5506), Maschinenwesen",Boltzmannstraße 15,85748 Garching
W7,"TUM, Geb. 5500 (Bauteil 7 ~5507), Maschinenwesen",Boltzmannstraße 15,85748 Garching
W8,"TUM, Geb. 5500 (Bauteil 8 ~5508), Maschinenwesen",Boltzmannstraße 15,85748 Garching
W9,"TUM, Geb. 5500 (Bauteil 9 ~5509), Maschinenwesen",Boltzmannstraße 15,85748 Garching
WA,"TUM, Geb. 5222, FRM II, Zugangshalle",Lichtenbergstr. 1,85747 Garching
WB,"TUM, Geb. 5220, FRM II, Neutronenleiterhalle",Lichtenbergstr. 1,85747 Garching
WC,"LRZ, Institutsgebäude 2",Boltzmannstraße 1,85748 Garching
WD,Studentenhaus DOMINO,Untere Straßäcker 21,85748 Garching
WE,"Geb. 7901, Speicherbibliothek der Bayerischen Staatsbibliothek",Römerhofweg 66,85748 Garching
WF,Schotterparkplatz Garching,Ludwig-Prandtl-Straße,85748 Garching
WG,"GATE, Gründerzentrum",Lichtenbergstr. 8,85748 Garching
WH,Hochschulhaus Garching,Enzianstraße 5+7,85748 Garching
WI,"TUM, Geb. 5600-5613, Informatik / Mathematik",Boltzmannstr. 3,85748 Garching
WJ,GALILEO,Boltzmannstraße 30 / Walther-von-Dyck-Straße 2 - 16,85748 Garching
WK,"TUM, Exzellenz-Cluster Universe (ehem. ITER-Gebäude)",Boltzmannstr. 2,85748 Garching
WL,"LRZ, Institutstrakt",Boltzmannstraße 1,85748 Garching
WM,"TUM, Tentomax Garching MW (Vorlesungszelt)",Boltzmannstr. 15,85748 Garching
WN,"TUM, Geb. 5131, FRM-Poststelle",Boltzmannstr. 10b,85748 Garching
WO,"TUM, Geb. 8101, Business Campus Garching I",Parkring 11 - 13,85748 Garching
WP,"FHG, AISEC, Fraunhofer-Institut für Angewandte und Integrierte Sicherheit",Lichtenbergstraße 11,85748 Garching b. München
WQ,"TUM, Geb. 5301, IAS-Gebäude",Lichtenbergstr. 2a,85748 Garching
WR,"LRZ, Rechnerwürfel",Boltzmannstraße 1,85748 Garching
WS,"TUM, Geb. 5517, Halle 17, Maschinenwesen",Boltzmannstraße 15,85748 Garching
WT,"TUM, Geb. 5216, RCM-Dokumenten-Archiv",Walther-Meißner-Straße 3,85748 Garching
WU,Garching U-Bahnhof Forschungsgelände,Boltzmannstraße 4,85748 Garching
WV,"Campus Garching, GE Global Research, Newton-House",Freisinger Landstr. 50,85748 Garching
WW,"TUM, Geb. xxx, Center for Organoid Systems & Tissue Engineering (COS)",Bolzmannstraße 12,85748 Garching
WX,"TUM, Geb. 7910 - Oskar-von-Miller-Turm (Wetterturm)",Ludwig-Prandtl-Straße 1,85748 Garching
WY,"TUM, Geb. 5160, UCN-Testanlage (Tritron Hütte)",Am Coulombwall 6,85748 Garching
WZ,"LRZ, Hörsaaltrakt",Boltzmannstraße 1,85748 Garching
X,Kleinere Unterbezirke 1,,
X0,Studentenwohnheim Rosenheim 1 und 2,"Marienberger Straße 36-40, Westerndorfer Str. 47a-m",83024 Rosenheim
X1,Schülerforschungszentrum Berchtesgaden,Salzburger Straße 15,83471 Berchtesgaden
X2,"SWH, Studentenwohnheim Frauendorfer-Haus",Notburgastr. 19-23,80639 München
X3,"SMSB, Bayerisches Armeemuseum",Paradeplatz 4,Ingolstadt
X4,"SMSB, Neues Museum, Staatliches Museum für Kunst und Design Nürnberg",Luitpoldstraße 5,90402 Nürnberg
X5,"SMSB, Deutsches Theatermuseum",Galeriestr. 4a (Hofgartenarkaden),München
X6,"TUM, Geb. 3901-3902 & 3904 ,Wassersportzentrum",Unterer Seeweg 5,82319 Starnberg
X7,"SNSB, Dornach, Staatssammlung f. Anthropologie u. Paläoanatomie, Archiv",Margaretha-Ley-Ring 1,85609 Dornach
X8,"SMSB, Museum ""Fünf Kontinente""",Maximilianstr. 42,80538 München
X9,"TUM, Geb. 3100, Feldstation Mülverstedt - Projektbüro Hainich",Am Burghof 3,99947 Mülverstedt
XA,"TUM, Geb. 2903, TU-Verwaltung - Haus Soller",Augustenstraße 44 und 46,80333 München
XB,Erzbischöfliches Ordinariat München,Kapellenstraße 4,80333 München
XC,"TUM, Geb. 9001, Science & Study Centre, Kloster Raitenhaslach",Raitenhaslach 11,84489 Burghausen
XD,"Fortiss-Institut, UCC",Guerickestr. 25,80805 München
XE,"LMU, Universitätsarchiv + Physik",Edmund-Rumpler-Str. 9,80939 München
XF,Landesfachstelle für das öffentliche Bibliothekswesen,Praterstraße 16,90429 Nürnberg
XG,"HMTM, Gasteig, Hochschule für Musik und Theater",Rosenheimer Straße 5,81667 München
XH,TUM Forschungsstation Berchtesgaden,"Forstweg zur Roßfeldstraße, 47°38'40.9""N 13°05'21.0""E",83471 Berchtesgaden
XI,Teleworker Haimhausen,Ringstraße 9a,85778 Haimhausen
XJ,"SWH, Wohnheim Josef-Wirth-Weg 19",Josef-Wirth-Weg 19,80939 München
XK,MPG Halbleiterlabor,"Otto-Hahn-Ring 6, Geb. 72",81739 München
XL,HMTM Interimsquartier,Hans-Preißinger-Straße 8,81379 München
XM,"TUM, Geb. 9101, Geriatronik-Forschungszentrum",Bahnhofstr. 37,82467 Garmisch-Partenkirchen
XN,"LMU, Geophysik Außenstelle Unterlippach",Unterlippach 1,84095 Furth
XO,"SMSB, Porzellanikon, Staatl. Museum für Porzellan, Hohenberg",Schirndinger Str. 48,95691 Hohenberg an der Eger
XP,"LMU, Planegg",Fraunhoferstraße 12,Planegg
XQ,"SMSB, Porzellanikon, Staatliches Museum für Porzellan, Selb",Werner-Schürer-Platz 1,95100 Selb
XR,"LMU, Edmund-Rumpler-Str. 13",Edmund-Rumpler-Str. 13,80939 München
XS,"TUM/LMU, Schneefernerhaus Zugspitze",Zugspitze 5,82475 Schneefernerhaus
XT,Test Unterbezirk,,
XU,Wohnheim Oskar-von-Miller-Forum (Haus der Bay. Bauwirtschaft),"Amalienstr. 13, Oskar-von-Miller-Ring 25",80333 München
XV,Studentenwohnheim Unity Alpha/Beta,Josef-Wirth-Weg 21 / Freisinger Landstr. 86-90,80939 München
XW,MPI für Psychiatrie,Kraepelinstr. 10,80804 München
XX,"Ort unbekannt, bzw. LRZ ist nicht zuständig",None,None
XY,Heimarbeitsplätze der LRZ-Mitarbeiter,None,None
XZ,M-net Vermittlungsstelle,Brienner Str. 18,80333 München
Y,Kleinere Unterbezirke 2,,
Y0,Studentinnenheim Arme Schulschwestern Unterer Anger 17,Unterer Anger 17,80331 München
Y1,Wohnheim Ludwigskolleg,Guerickestr. 19,80805 München
Y2,"SMSB, Staatliches Textil- und Industriemuseum (TIM)",Provinostraße 46,86153 Augsburg
Y3,"SMSB, Sammlung Goetz",Oberföhringer Str. 107,81925 München
Y4,"IFP, Staatsinstitut für Frühpädagogik",Köferinger Straße 1,92224 Amberg
Y5,"SMSB, Museum für Franken",Festung Marienberg,97082 Würzburg
Y6,"SMSB, Glasmuseum Frauenau",Am Museumpark 1,94258 Frauenau
Y7,Wohnheim Schwere-Reiter-Straße,Schwere-Reiter-Str. 35,80797 München
Y8,St-Albertus-Magnus-Haus,Avenariusstr. 15,81243 München
Y9,Studentinnenheim Arme Schulschwestern Unterer Anger 2,Unterer Anger 2,80331 München
YA,LMU Geisteswissenschaften,Schellingstr. 33,80799 München
YB,"LMU, Geb. 3102 / 3103, Botanik",Menzinger Str. 67,80638 München
YC,"TUM, Geb. 0602 / 0603, Klinikum Biederstein",Biedersteiner Straße 29,80802 München
YD,John-Mott-Haus,Theo-Prosel-Weg 16,80797 München
YE,BSB-Archiv Neufahrn,Ludwig-Erhard-Str. 2,85375 Neufahrn bei Freising
YF,BSB Landesfachstelle  für das öffentliche Bibliothekswesen Außenstelle Würzburg,Ludwigkai 4,97072 Würzburg
YG,"AFK, Rosenheimer Str. 145",Rosenheimer Str. 145,München
YH,Helmholtz Zentrum München,Ingolstädter Landstraße 1,85764 Neuherberg
YI,Nutzwasser Pavillon Schweinfurt,Schulgasse 13,97424 Schweinfurt
YJ,"ADBK, Akademie der Bildenden Künste",Akademiestr. 2,80799 München
YK,"BIOTOPIA, Maria-Ward-Str.1a",Maria-Ward-Str.1a,80638 München
YM,Stiftung für Arbeitsrecht (ZAAR),Destouchesstr. 68,München
YN,"TUM, Klinikum Schwabing",Kölner Platz 1,80804 München
YO,"TUM, Geb.3101-3121, Versuchsanstalt für Wasserbau Obernach",Obernach 15,82432 Walchensee (Obernach)
YP,ISB und  IFP,Schellingstr. 155,80797 München
YQ,"TUM, Geb. 2401+2402, Winzererstr. 45",Winzererstr. 45,80797 München
YR,"TUM, Geb. 2805, Bauklimatik und Haustechnik",Karl Benz Straße 15,85221 Dachau
YS,"LMU, Ludwigshöhe 8",Ludwigshöhe 8,82256 Fürstenfeldbruck
YT,Wohnheim Biedersteiner Straße,Biedersteinerstr. 24 - 30a,80802 München
YU,"TUM/LMU, Geb.2804, Deutsches Museum",Museumsinsel 1,80538 München
YV,Spanisches Kolleg,Dachauerstr. 145,80335 München
YW,"LMU, CAP",Maria-Theresia-Str. 21,81675 München
YX,"TUM, Ingolstadt, ini.tum",Marie-Curie-Str. 8,85055 Ingolstadt
YY,MPG Physik,Föhringer Ring 6,80805 München
YZ,DLR Oberpfaffenhofen,Münchener Str. 20,82234 Weßling
Z,Kleinere Unterbezirke 3,,
Z0,Wohnheim Chiemgaustraße,Traunsteiner Str. 1 - 13,81549 München
Z1,"Studentenstadt Freimann, SWH",Christoph-Probst-Str. 10,80805 München
Z2,"TUM, Geb. 4401-4405, Limnologische Station, Iffeldorf",Hofmark 3,82393 Iffeldorf
Z3,Studentenwohnheim Lothstr. 62,Lothstr. 62,80335 München
Z4,Wohnheim Kreittmayrstr. 14,Kreittmayrstr. 14,80335 München
Z5,"Wohnheim Agnes-/Adelheidstraße und Internationales Haus, DKFA","Adelheidstr. 13, 17 Agnesstraße 27-35",80798 München
Z6,Studentenwohnheim Haidpark,Admiralbogen 37-47,80939 München
Z7,"Studentenwohnheim Felsennelkenanger (FNA, Panzerwiese)",Felsennelkenanger 7-21,80937 München
Z8,SWH Max-Bill-Straße,Max-Bill-Straße 67,80807 München
Z9,Studienkolleg bei den Universitäten des Freistaates Bayern,Infanteriestraße 7a,80797 München
ZA,Stiftung Maximilianeum,Max-Planck-Str. 1,81675 München
ZB,"TUM, Geb. 2907, Marsstr. 20-22",Marsstr. 20-22,80335 München
ZC,"TUM, Geb. 2410, Roboterwissenschaften und Systemintelligenz",Heßstraße 134,80797 München
ZD,Wohnheim Türkenstraße,Türkenstr. 58,80799 München
ZE,Massmannwohnheim,Heßstr. 77,80797 München
ZG,Wohnheim Heidemannstraße,Paul-Hindemith-Allee 4 und 6 Karl-Köglsperger-Straße 3 - 9,80939 München
ZH,"DHM, Deutsches Herzzentrum",Lothstr. 11,80335 München
ZI,FREI (früher IHF),Prinzregentenstr. 24,80538 München
ZJ,"LMU, Sternwarte",Scheinerstraße 1,81679 München
ZK,KSFH / SWH Johann-Michael-Sailer-Haus,Preysingstr. 93a,81667 München
ZL,"LMU, Observatorium Wendelstein",Wendelstein,83735 Bayrischzell
ZM,"TUM, Geb. 2601-2607, Pasing",Baumbachstr. 7,81245 München
ZN,frei,,
ZO,Hugo-Maser-Haus (Arcisheim),Arcisstr. 31,80799 München
ZP,Bayerische Theaterakademie August Everding im Prinzregententheater,Prinzregentenplatz 12,81675 München
ZQ,"TUM, Geb. 2908 Marsstr. 40; Denisstr. 1b, Geb. 2909",Marsstr. 40,80335 München
ZR,"TUM, Geb. 2926, Betriebswirtschaftslehre",Leopoldstr. 139-145,80804 München
ZS,"TUM, Geb. 3201, Geodäsie, Außenstelle Eichenau",Lindenweg 15,82223 Eichenau
ZT,"LMU, Zentnerstr. 31",Zentnerstr. 31,80798 München
ZU,Wohnheim Stiftsbogen,Schröfelhofstr. 4-26a,81375 München
ZV,"Oekumenisches Studentenwohnheim, Oek-Heim",Steinickeweg 4,80798 München
ZW,"TUM, Geb. 2806,  Lst. Restaurierung, Nationalmuseum, Archäologische Staatssammlung",Oettingenstr. 15,80538 München
ZX,Telekom Vermittlungsstelle,Blutenburgstraße 1a,80636 München
ZY,"TUM, Geb. 2103-2109, Verbrennungskraftmaschinen",Schragenhofstr. 31,80992 München
ZZ,"SNSB, ZSM, Zoologische Staatssammlung",Münchhausenstr. 21,81247 München
