Unterbezirkskürzel,Link,Name,Strasse,Ort
A,/apstat/filter/Unterbezirk/a,Garchinger Hochschulgelände 1,,
A0,/apstat/filter/Unterbezirk/a0,"TUM, Geb. 5212, RCM-Hauptbau",Walther-Meißner Straße 3,85748 Garching
A1,/apstat/filter/Unterbezirk/a1,"TUM, Geb. 6101, Heizhaus",Römerhofweg 67,85748 Garching
A2,/apstat/filter/Unterbezirk/a2,"TUM, Geb. 6201-6206, Feuerwehr",Römerhofweg 67,85748 Garching
A3,/apstat/filter/Unterbezirk/a3,"TUM, Geb. 5275, Bayerisches Zentrum für Angewandte Energieforschung e.V. ( ZAE Bayern)",Walther-Meißner-Str. 6,85748 Garching
A4,/apstat/filter/Unterbezirk/a4,"TUM, Geb. 5701, Munich Institute of Biomedical Engineering (MIBE) (ehem. MSB,ehm.IMETUM)",Boltzmannstr. 11,85748 Garching
A5,/apstat/filter/Unterbezirk/a5,"SWH, Wohnheim Enzianstraße (Garching II)",Enzianstr. 1-3,85748 Garching
A6,/apstat/filter/Unterbezirk/a6,"TUM, Geb. 5209, (alter) Reaktor-Betriebs- und Laborgebäude",James-Franck-Straße/Boltzmannstraße,85748 Garching
A7,/apstat/filter/Unterbezirk/a7,"TUM, Geb. 5210, (alter) Reaktor-Betriebszentrale",Lichtenbergstr. 1,85747 Garching
A8,/apstat/filter/Unterbezirk/a8,"TUM, Geb. 6102, Betriebsgebäude I",Römerhofweg 67,85748 Garching
A9,/apstat/filter/Unterbezirk/a9,"SWH, Wohnheim Jochbergweg (Garching I)",Jochbergweg 1,85748 Garching
AA,/apstat/filter/Unterbezirk/aa,Gesellschaft für Anlagen- und Reaktorsicherheit (GRS) gGmbH,Boltzmannstraße 14,85748 Garching
AB,/apstat/filter/Unterbezirk/ab,"TUM/LMU, Maier-Leibniz-Laboratorium",Am Coulombwall 6,85748 Garching
AC,/apstat/filter/Unterbezirk/ac,"TUM, Geb. 5402, Chemiegebäude Bau Ch2",Lichtenbergstraße 4,85748 Garching
AD,/apstat/filter/Unterbezirk/ad,"TUM, Geb. 5403, Chemiegebäude Bau Ch3",Lichtenbergstraße 4,85748 Garching
AE,/apstat/filter/Unterbezirk/ae,"TUM, Geb. 5408, Chemie Hofgebäude I",Lichtenbergstraße  4,85748 Garching
AF,/apstat/filter/Unterbezirk/af,"TUM, Geb. 5401, Chemiegebäude Bau Ch1, Bibliothek, Hörsaal",Lichtenbergstraße 4,85748 Garching
AG,/apstat/filter/Unterbezirk/ag,"TUM, Geb. 5406, Chemiegebäude Bau Ch6",Lichtenbergstraße 4,85748 Garching
AH,/apstat/filter/Unterbezirk/ah,"TUM, Geb. 5407, Chemiegebäude Bau Ch7",Lichtenbergstraße 4,85748 Garching
AI,/apstat/filter/Unterbezirk/ai,"MPG, Institut für Plasmaphysik (IPP)",Boltzmannstr. 2,85748 Garching
AJ,/apstat/filter/Unterbezirk/aj,"TUM, Geb. 5204, Umformtechnik und Gießereiwesen",Walther-Meißner-Straße 4,85748 Garching
AK,/apstat/filter/Unterbezirk/ak,"TUM, Geb. 5203, Bürogebäude (ehem. GRS)",Walther-Meißner-Str. 1,85748 Garching
AL,/apstat/filter/Unterbezirk/al,"LMU, Geb. 5109, Physikgebäude",Am Coulombwall 1,85748 Garching
AM,/apstat/filter/Unterbezirk/am,"TUM, Geb. 5202, Reaktorbereich, Zyklotron",Lichtenbergstr. 1,85748 Garching
AN,/apstat/filter/Unterbezirk/an,"TUM, Geb. 5302, Mensa, Raumfahrttechnik, Campus Cneipe",Lichtenbergstr. 2,85748 Garching
AO,/apstat/filter/Unterbezirk/ao,"TUM, Geb. 5219, Verwaltungsstelle",Walther-Meißner-Str. 2,85748 Garching
AP,/apstat/filter/Unterbezirk/ap,"TUM, Geb. 5256, RCM-Laborbau",Walther-Meißner-Str. 3,85748 Garching
AQ,/apstat/filter/Unterbezirk/aq,"TUM, Geb. 5107, Physik II",Am Coulombwall 2,85748 Garching
AR,/apstat/filter/Unterbezirk/ar,"TUM, Geb. 5409, Chemie Umfüllstation",Ernst-Otto-Fischer-Str.,85748 Garching
AS,/apstat/filter/Unterbezirk/as,"TUM, Geb. 5201, Reaktorbereich",Lichtenbergstr. 1,85747 Garching
AT,/apstat/filter/Unterbezirk/at,"TUM, Geb. 5101, Physikgebäude",James-Franck-Straße 1,85748 Garching
AU,/apstat/filter/Unterbezirk/au,"WMI, Geb. 5213, Tieftemperaturforschung",Walther-Meißner-Straße 8,85748 Garching
AV,/apstat/filter/Unterbezirk/av,"TUM, Geb. 5103, Betriebsgebäude II (Siemensbau)",Boltzmannstr. 10,85748 Garching
AW,/apstat/filter/Unterbezirk/aw,"TUM, Geb. 5111, Siedlungswasserwirtschaft",Am Coulombwall 3,85748 Garching
AX,/apstat/filter/Unterbezirk/ax,"TUM, Geb. 5108, Infra-Schall-Labor in Messbunker (im Gelände)",James-Franck-Straße 1,85748 Garching
AY,/apstat/filter/Unterbezirk/ay,"WSI, Geb. 5112, Walter-Schottky-Institut",Am Coulombwall 4,85748 Garching
AZ,/apstat/filter/Unterbezirk/az,"TUM, Geb. 5130, Neubau Telefonzentrale",Boltzmannstr. 10a,85748 Garching
B,/apstat/filter/Unterbezirk/b,"TUM-Stammgelände, TUM-Nordgelände und nächste Umgebung",,
B1,/apstat/filter/Unterbezirk/b1,"TUM, Geb. 0101, (N1) Hörsäle (U-Trakt)",Theresienstraße 90,80333 München
B2,/apstat/filter/Unterbezirk/b2,"TUM, Geb. 0102, (N2) Hochvolthaus",Theresienstraße 90,80333 München
B3,/apstat/filter/Unterbezirk/b3,"TUM, Geb. 0103, (N3) El.Masch./Geräte",Theresienstraße 90,80333 München
B4,/apstat/filter/Unterbezirk/b4,"TUM, Geb. 0104, (N4) Elektro Physik",Theresienstraße 90,80333 München
B5,/apstat/filter/Unterbezirk/b5,"TUM, Geb. 0105, (N5) Elektrotechnik",Theresienstraße 90,80333 München
B6,/apstat/filter/Unterbezirk/b6,"TUM, Geb. 0106, (N6) Materialprüfamt",Theresienstraße 90,80333 München
B8,/apstat/filter/Unterbezirk/b8,"TUM, Geb. 0108, (N8) Verfügungsgebäude",Theresienstraße 90,80333 München
B9,/apstat/filter/Unterbezirk/b9,"TUM, Geb. 0109 RAR, (N9) Reflexionsarmer Raum",Theresienstraße 90,80333 München
BA,/apstat/filter/Unterbezirk/ba,"TUM, Geb. 0510 (Stammgelände), TU-Verwaltung",Arcisstraße 21,80333 München
BB,/apstat/filter/Unterbezirk/bb,"TUM, Geb. 0501 (Stammgelände)",Arcisstraße 21,80333 München
BC,/apstat/filter/Unterbezirk/bc,"TUM, Geb. 0502 (Stammgelände)",Arcisstraße 21,80333 München
BD,/apstat/filter/Unterbezirk/bd,"TUM, Geb. 0503 (Stammgelände)",Arcisstraße 21,80333 München
BE,/apstat/filter/Unterbezirk/be,"TUM, Geb. 0504 (Stammgelände)",Arcisstraße 21,80333 München
BF,/apstat/filter/Unterbezirk/bf,"TUM, Geb. 0505 (Stammgelände)",Arcisstraße 21,80333 München
BG,/apstat/filter/Unterbezirk/bg,"TUM, Geb. 0506 (Stammgelände-Theresianum)",Arcisstraße 21,80333 München
BH,/apstat/filter/Unterbezirk/bh,"TUM, Geb. 0507 (Stammgelände)",Arcisstraße 21,80333 München
BI,/apstat/filter/Unterbezirk/bi,"TUM, Geb. 0508 (Stammgelände), im Kern",Arcisstraße 21,80333 München
BJ,/apstat/filter/Unterbezirk/bj,Jakob-Balde-Haus,Theresienstr. 100,80333 München
BL,/apstat/filter/Unterbezirk/bl,"TUM, Geb. 0205",Arcisstr. 19,80333 München
BM,/apstat/filter/Unterbezirk/bm,"TUM, Geb. 0509 (Stammgelände)",Arcisstraße 21,80333 München
BN,/apstat/filter/Unterbezirk/bn,"TUM, Geb. 0206, Mensa",Arcisstr. 17,80333 München
BS,/apstat/filter/Unterbezirk/bs,"TUM, Geb. 0202",Gabelsbergerstr. 39,80333 München
BT,/apstat/filter/Unterbezirk/bt,"TUM, Geb. 0201 StudiTUM",Gabelsbergerstr. 43,80333 München
BU,/apstat/filter/Unterbezirk/bu,"TUM, Geb. 0204",Gabelsbergerstr. 49,80333 München
BV,/apstat/filter/Unterbezirk/bv,"TUM, Geb. 0203",Gabelsbergerstr. 45,80333 München
BW,/apstat/filter/Unterbezirk/bw,"TUM, Geb. 2920",Gabelsbergerstr. 47,80333 München
BX,/apstat/filter/Unterbezirk/bx,"LMU, Lehrstuhl Philosophy of Mind, Rückgebäude, Kellergeschoss",Gabelsbergerstraße 62,80333 München
BZ,/apstat/filter/Unterbezirk/bz,"TUM, Tentomax Stammgelände (Prüfungszelt)",Arcisstr. 21,80333 München
C,/apstat/filter/Unterbezirk/c,HSWT Triesdorf (CA-CZ),,Triesdorf
C0,/apstat/filter/Unterbezirk/c0,"TUM, Geb. L, Bildungscampus Heilbronn",Am Bildungscampus 9,D-74076 Heilbronn
C1,/apstat/filter/Unterbezirk/c1,"TUM, Geb. D, Bildungscampus Heilbronn",Am Bildungscampus 2,D-74076 Heilbronn
C2,/apstat/filter/Unterbezirk/c2,"TUM, Geb. R, Bildungscampus Heilbronn, Bibliothek",Am Bildungscampus 15,D-74076 Heilbronn
CA,/apstat/filter/Unterbezirk/ca,"HSWT, Triesdorf Geb. A (Altbau)",Steingruberstr. 2,91746 Weidenbach
CB,/apstat/filter/Unterbezirk/cb,"HSWT, Triesdorf Geb. B (HTE)",Steingruberstr. 2,91746 Weidenbach
CC,/apstat/filter/Unterbezirk/cc,"HSWT, Triesdorf Geb. C (Neubau)",Markgrafenstr. 18,91746 Weidenbach
CD,/apstat/filter/Unterbezirk/cd,"HSWT, Triesdorf Geb. D (Steingruberhaus und Container)",Steingruberstr. 2,91746 Weidenbach
CE,/apstat/filter/Unterbezirk/ce,"HSWT, Triesdorf Geb. E",Steingruberstraße 1a,91746 Weidenbach
CF,/apstat/filter/Unterbezirk/cf,"HSWT, Triesdorf Geb. F",Markgrafenstraße 16,91746 Weidenbach
CG,/apstat/filter/Unterbezirk/cg,"HSWT, Triesdorf Geb. G",Steingruberstraße 1,91746 Weidenbach
CH,/apstat/filter/Unterbezirk/ch,"HSWT, Triesdorf, Gasthaus Adler",Markgrafenstraße 14,91746 Weidenbach
CQ,/apstat/filter/Unterbezirk/cq,"HSWT, Triesdorf Geb. Q (Glaswerke Arnold, Hallenbereich)",Neuseser Str. 1,91732 Merkendorf
CR,/apstat/filter/Unterbezirk/cr,"HSWT, Triesdorf Geb. R (Glaswerke Arnold Bürogebäude)",Neuseser Str. 1,91732 Merkendorf
D,/apstat/filter/Unterbezirk/d,Block Theresienstraße /Barer Straße /Gabelsbergerstraße /Türkenstraße,,
DA,/apstat/filter/Unterbezirk/da,"LMU, Block A",Theresienstr. 37,80333 München
DB,/apstat/filter/Unterbezirk/db,"LMU, Block B",Theresienstr. 39,80333 München
DC,/apstat/filter/Unterbezirk/dc,"LMU, Block C",Theresienstr. 41,80333 München
DN,/apstat/filter/Unterbezirk/dn,Neue Pinakothek,Barer Str. 29 (Theresienstraße),80799 München
DO,/apstat/filter/Unterbezirk/do,Alte Pinakothek,Barer Straße 27,80333 München
DP,/apstat/filter/Unterbezirk/dp,Pinakothek der Moderne - Architekturmuseum,Barerstr. 40,80799 München
E,/apstat/filter/Unterbezirk/e,Oberwiesenfeld / ZHS,Zwischen Mittlerem und Frankfurter Ring,München
EC,/apstat/filter/Unterbezirk/ec,"TUM, Geb. 2940, Campus C, Sport Ausweichquartier O2",Georg-Brauchle-Ring 50 und 66,80992 München
ED,/apstat/filter/Unterbezirk/ed,"TUM, Geb. 2941, Campus D, Sport Ausweichquartier O2",Georg-Brauchle-Ring 60-62,80992 München
EF,/apstat/filter/Unterbezirk/ef,"TUM, Geb. 2315, ZHS, BFTS (Bayerisches Forschungs- und Technologiezentrum für Sportwissenschaft)",Connollystr. 32,80809 München
EG,/apstat/filter/Unterbezirk/eg,"TUM, Geb. 2303, ZHS Kleine Halle",Connollystr. 32,80809 München
EH,/apstat/filter/Unterbezirk/eh,"TUM, Geb. 2301, ZHS Spielhalle",Connollystr. 32,80809 München
EK,/apstat/filter/Unterbezirk/ek,"TUM, Geb. 2303, ZHS",Connollystr. 32,80809 München
EN,/apstat/filter/Unterbezirk/en,"TUM, Geb. 2305 - Zentralbau Nord",Connollystr. 32,80809 München
EO,/apstat/filter/Unterbezirk/eo,Studentenviertel Olympisches Dorf,Helene-Mayer-Ring 9,80809 München
ET,/apstat/filter/Unterbezirk/et,"TUM, Geb. 2308, ZHS Tribüne",Connollystr. 32,80809 München
EZ,/apstat/filter/Unterbezirk/ez,"TUM, Geb. 2330-2334, CiO Campus im Olympiapark (ZHS)",Connollystr. 32,80809 München
F,/apstat/filter/Unterbezirk/f,Königsplatz,,
FA,/apstat/filter/Unterbezirk/fa,"TUM, Geb. 2906, Karlstraße 45",Karlstraße 45,80333 München
FB,/apstat/filter/Unterbezirk/fb,"SNSB, Bau 5.2, Staatssammlung f. Anthropologie u. Paläoanatomie",Karolinenplatz 2a,80333 München
FC,/apstat/filter/Unterbezirk/fc,LMU Kulturwissenschaften,Schleißheimer Str. 4,80333 München
FD,/apstat/filter/Unterbezirk/fd,"TUM, Geb. 2910-2911, Brienner Forum",Richard-Wagner-Straße 1 und 3,80333 München
FE,/apstat/filter/Unterbezirk/fe,"LMU, Haus der Kulturen, ZIKG",Katharina-von-Bora-Straße 10,80333 München
FF,/apstat/filter/Unterbezirk/ff,"HFF, Hochschule für Fernsehen und Film (HFF) Neubau","Bernd-Eichinger-Platz 1, ehem. Gabelsbergerstr. 33",80333 München
FG,/apstat/filter/Unterbezirk/fg,"LMU, Geologische und Geographische Institute",Luisenstr. 37,80333 München
FH,/apstat/filter/Unterbezirk/fh,"TUM, Katholische Hochschulgemeinde an der TUM",Karlstr. 32,80333 München
FI,/apstat/filter/Unterbezirk/fi,"BAdW, Bayerisches Forschungsinstitut für Digitale Transformation (bidt)",Gabelsbergerstr. 4,80333 München
FJ,/apstat/filter/Unterbezirk/fj,,,
FK,/apstat/filter/Unterbezirk/fk,"Test Gebert, Gabelsbergerstr. 29",Gabelsbergerstr. 29,80333 München
FL,/apstat/filter/Unterbezirk/fl,"TUM, Geb. 0401, Verwaltung, Mathematik",Richard-Wagner-Straße 18,80333 München
FM,/apstat/filter/Unterbezirk/fm,"HMTM, Musikhochschule, Luisenstr. 37a",Luisenstr. 37a,80333 München
FN,/apstat/filter/Unterbezirk/fn,"Gästeappartement HMTM Musikhochschule, Appartement 11","Barer Str. 34, RGB",80333 München
FO,/apstat/filter/Unterbezirk/fo,Wohnheim K.St.V. Ottonia,Gabelsbergerstr. 24,80333 München
FP,/apstat/filter/Unterbezirk/fp,"LMU, Paläontologie",Richard-Wagner-Str. 10,80333 München
FR,/apstat/filter/Unterbezirk/fr,"HMTM Musikhochschule, Geb. C  (ehem. Lotteriegebäude)",Karolinenplatz 4a,80333 München
FS,/apstat/filter/Unterbezirk/fs,"HMTM, Musikhochschule, Hauptgebäude",Arcisstr. 12,80333 München
FT,/apstat/filter/Unterbezirk/ft,"HMTM, Musikhochschule, Geb. D   (ehem. Lotteriegebäude)",Karolinenplatz 4,80333 München
FV,/apstat/filter/Unterbezirk/fv,Institut für Volkskunde,Barer Str. 13,80333 München
FW,/apstat/filter/Unterbezirk/fw,Wohnheim der Ingeborg-van-Calker-Stiftung,Richard-Wagner-Str. 16,80333 München
FX,/apstat/filter/Unterbezirk/fx,Glyptothek,Königsplatz 3,80333 München
FY,/apstat/filter/Unterbezirk/fy,Staatliches Museum für Ägyptische Kunst  (SMAEK),Gabelsbergerstraße 35,80333 München
FZ,/apstat/filter/Unterbezirk/fz,"TUM, Geb. 0305, (Südost 5) Block D (ehem. LRZ)",Barer Str. 21,80333 München
G,/apstat/filter/Unterbezirk/g,"Westlich Ludwigstraße, südlich Akademiestraße, östlich Türkenstraße, nördlich Theresienstraße",,
G1,/apstat/filter/Unterbezirk/g1,"LMU, Informatik (Digitalisierung, Künstliche Intelligenz)",Akademiestraße 7,80799 München
G2,/apstat/filter/Unterbezirk/g2,"IBZ, Amalienstraße 38",Amalienstr. 38,80799 München
GA,/apstat/filter/Unterbezirk/ga,"LMU, Geb. 0110, Akademiestr. 1",Akademiestr. 1,80799 München
GB,/apstat/filter/Unterbezirk/gb,"LMU, Geb. 0030, Hauptgebäude inkl. Turmgebäude, Bibliothek",Geschwister-Scholl-Platz 1,80539 München
GC,/apstat/filter/Unterbezirk/gc,"LMU, Fakultät für Geschichte (Historicum), Schellingstr. 12, Altbau in Amalienstr. 52",Schellingstr. 12,80799 München
GD,/apstat/filter/Unterbezirk/gd,"LMU, Geb. 0010, Hauptgebäude an der Adalbertstraße (Adalberttrakt)",Geschwister-Scholl-Platz 1,80539 München
GE,/apstat/filter/Unterbezirk/ge,"LMU, Geb. 0000E, Hauptgebäude an der Amalienstraße (Amalientrakt)",Geschwister-Scholl-Platz 1,80539 München
GF,/apstat/filter/Unterbezirk/gf,"LMU, Geb. 0090, Amalienstr. 54",Amalienstr. 54,80799 München
GG,/apstat/filter/Unterbezirk/gg,"LMU, Geb. 0252, Schellingstr. 7",Schellingstr. 7,80799 München
GH,/apstat/filter/Unterbezirk/gh,"LMU, Fachbibliothek Philologicum",Ludwigstr. 25,80539 München
GI,/apstat/filter/Unterbezirk/gi,"MPG, Digital Library, MPI für Sozialrecht und Sozialpolitik (MPISOC)",Amalienstr. 33,80799 München
GJ,/apstat/filter/Unterbezirk/gj,"LMU, Schellingstr. 5",Schellingstr. 5,80799 München
GK,/apstat/filter/Unterbezirk/gk,"LMU, Geb. 0020, Hauptgebäude/Kernbereich, Physik-Altbau, Salinenhof",Geschwister-Scholl-Platz 1,80539 München
GL,/apstat/filter/Unterbezirk/gl,"LMU, Schellingstr. 9",Schellingstr. 9,80539 München
GM,/apstat/filter/Unterbezirk/gm,"LMU, Geb. 0000M, Hauptgebäude/Mitteltrakt",Geschwister-Scholl-Platz 1,80539 München
GN,/apstat/filter/Unterbezirk/gn,"LMU, Amalienstr. 83",Amalienstr. 83,80799 München
GO,/apstat/filter/Unterbezirk/go,"LMU, Geb. 0121, Vorder- und Rückgebäude, Philosophie",Ludwigstr. 31,80539 München
GP,/apstat/filter/Unterbezirk/gp,"LMU, Geb. 0040, Philosophie",Ludwigstr. 27,80539 München
GQ,/apstat/filter/Unterbezirk/gq,"LMU, Geb. 0122, Rechtsinformatik",Ludwigstr. 29,80539 München
GR,/apstat/filter/Unterbezirk/gr,"LMU, Geb. 0200, Rückgebäude, Fak. für Kulturwissenschaften Bibliothek",Schellingstr. 3,80799 München
GS,/apstat/filter/Unterbezirk/gs,"LMU, Geb. 0203, Vordergebäude",Schellingstr. 3,80333 München
GT,/apstat/filter/Unterbezirk/gt,"LMU, Amalienstr. 73",Amalienstr. 73,80799 München
GU,/apstat/filter/Unterbezirk/gu,"LMU, Geb. 1020",Amalienstr. 17,80333 München
GV,/apstat/filter/Unterbezirk/gv,"LMU, Geb. 0120, Statistik, Ludwigstr. 33",Ludwigstr. 33,80539 München
GW,/apstat/filter/Unterbezirk/gw,"LMU, Geb. 0000W, Hauptgebäude, Geschwister-Scholl-Platz 1, Nord",Geschwister-Scholl-Platz 1,80539 München
GX,/apstat/filter/Unterbezirk/gx,"LMU, Geb. 0060, Schellingstr. 10",Schellingstr. 10,80799 München
GY,/apstat/filter/Unterbezirk/gy,"LMU, Geb. 0050, Schellingstr. 4",Schellingstr. 4,80799 München
GZ,/apstat/filter/Unterbezirk/gz,"LMU, Geb. 0000Z, Hauptgebäude, Telefonzentrale",Geschwister-Scholl-Platz 1,80539 München
H,/apstat/filter/Unterbezirk/h,Residenz und Umgebung,,
HA,/apstat/filter/Unterbezirk/ha,"BAdW, Bau A (Turmbau), Akademiegebäude",Alfons-Goppel-Str. 11,80539 München
HC,/apstat/filter/Unterbezirk/hc,"BAdW, Bau C, Akademiegebäude",Alfons-Goppel-Str. 11,80539 München
HK,/apstat/filter/Unterbezirk/hk,"BAdW,  Kapellenhof, Akademiegebäude",Alfons-Goppel-Str. 11,80539 München
HM,/apstat/filter/Unterbezirk/hm,"SMSB, Staatliche Münzsammlung München",Residenzstraße 1,80333 München
HP,/apstat/filter/Unterbezirk/hp,"MPG, Hauptverwaltung",Hofgartenstr. 2,80539 München
HT,/apstat/filter/Unterbezirk/ht,"LMU, Theaterwissenschaften, Bühne",Neuturmstraße 5,80331 München
HZ,/apstat/filter/Unterbezirk/hz,"BAdW, Bau B, Akademiegebäude",Alfons-Goppel-Str. 11,80539 München
I,/apstat/filter/Unterbezirk/i,Campus Großhadern / Martinsried,,
I1,/apstat/filter/Unterbezirk/i1,Helmholtz-Zentrum GrH,Feodor-Lynen-Str. 21,81377 München
I2,/apstat/filter/Unterbezirk/i2,Helmholtz-Zentrum CPC,Max-Lebsche-Platz 31,81377 München
IA,/apstat/filter/Unterbezirk/ia,"LMU, FCP-A, Genzentrum, Molekularbiologie und Biochemie",Feodor-Lynen-Str. 25,81375 München
IB,/apstat/filter/Unterbezirk/ib,"LMU, FCP-B, Pharmazeutische Biologie und Technologie",Butenandtstr. 5-13,81377 München
IC,/apstat/filter/Unterbezirk/ic,"LMU, Geb. 2957, FCP-C, Pharmakologische Chemie",Butenandtstr. 7,81377 München
ID,/apstat/filter/Unterbezirk/id,"LMU, FCP-D, Anorganische Chemie",Butenandtstr. 5-13,81377 München
IE,/apstat/filter/Unterbezirk/ie,"LMU, Geb. 2961, FCP-E, Physikalische Chemie",Butenandtstr. 5-13,81377 München
IF,/apstat/filter/Unterbezirk/if,"LMU, FCP-F, Organische Chemie",Butenandtstr. 5-13,81377 München
IG,/apstat/filter/Unterbezirk/ig,"LMU, Neubau Bauabschnitt 2, Biologie I, Martinsried",Großhaderner Str. 2-4,82152 Planegg-Martinsried
IH,/apstat/filter/Unterbezirk/ih,"LMU, Jugendmedizin",Heiglhofstraße 63,81377 München
II,/apstat/filter/Unterbezirk/ii,"LMU, Tiermedizin, Ausweichquartier in Planegg",Lena-Christ-Straße 48,82152 Planegg
IJ,/apstat/filter/Unterbezirk/ij,Mensa Martinsried,Großhaderner Str. 6,82152 Planegg-Martinsried
IK,/apstat/filter/Unterbezirk/ik,"LMU, Geb. 010-060, (Bettenhaus), Klinikum Großhadern, Rechenzentrum der Medizin",Marchioninistraße 15,81377 München
IL,/apstat/filter/Unterbezirk/il,"LMU, Neubau Bauabschnitt 1, Biologie II, Martinsried",Großhaderner Str. 2,82152 Planegg-Martinsried
IM,/apstat/filter/Unterbezirk/im,"MPG, Institut für Neurobiologie, Martinsried (Bauteil IK)",Am Klopferspitz 18,82152 Martinsried
IN,/apstat/filter/Unterbezirk/in,"MPG, Institut für Biochemie, Martinsried, Bauteil IK",Am Klopferspitz 18,82152 Martinsried
IO,/apstat/filter/Unterbezirk/io,"LMU, Neubau  BioSysM, Haus K (Erweiterung Genzentrum)",Butenandtstr. 1,81377 München
IP,/apstat/filter/Unterbezirk/ip,Zentrum für Prionforschung,Feodor-Lynen-Str. 27,81375 München
IQ,/apstat/filter/Unterbezirk/iq,"IZB, Gründerzentrum Biotechnologie, Martinsried",Am Klopferspitz 19,82152 Planegg-Martinsried
IR,/apstat/filter/Unterbezirk/ir,"LMU, Haus L,  Institut für Chemische Epigenetik München (ICEM)",Würmtalstraße 201,81375 München
IS,/apstat/filter/Unterbezirk/is,Wohnheim Sauerbruchstraße,"Sauerbruchstraße 59, 61 und Heiglhofstraße 44, 46",81377 München
IT,/apstat/filter/Unterbezirk/it,Wohnheim Heiglhofstraße,"Heiglhofstraße 64, 66",81377 München
IU,/apstat/filter/Unterbezirk/iu,"LMU, Bauamt",Marchioninistr. 15a,81377 München
IV,/apstat/filter/Unterbezirk/iv,Studentenbistro Martinsried,Großhaderner Straße 9a,82152 Planegg-Martinsried
IW,/apstat/filter/Unterbezirk/iw,"TUM, Geb. 2801, Wassergüte",Marchioninistr. 17,81377 München
IZ,/apstat/filter/Unterbezirk/iz,"LMU, Biomedizinisches Centrum (BMC)",Großhaderner Straße 9,82152 Planegg-Martinsried
J,/apstat/filter/Unterbezirk/j,Weihenstephan (inkl. Außenbezirke),,
J0,/apstat/filter/Unterbezirk/j0,"TUM, Geb. 4321, TUM-Verwaltung (TBA)",Lange Point 24,85354 Freising
J1,/apstat/filter/Unterbezirk/j1,"TUM, Geb. 4320, Heizhaus",Lange Point 24,85354 Freising
J2,/apstat/filter/Unterbezirk/j2,"HSWT, Geb. H1 / 4391, Zentrum für Angewandte Brau- und Getränketechnologie (ZABG)",Am Staudengarten 13,85354 Freising
J3,/apstat/filter/Unterbezirk/j3,"TUM, Geb. 4503, Versuchsgut Dürnast, Verwaltungsgebäude",Dürnast 1,85354 Freising
J4,/apstat/filter/Unterbezirk/j4,"TUM, Geb. 4501, Versuchsgut Dürnast, Gutshof",Dürnast 1,85354 Freising
J5,/apstat/filter/Unterbezirk/j5,"TUM, Geb. 4231, Versuchsgut Dürnast, LS Pflanzenernährung",Dürnast 1,85354 Freising
J6,/apstat/filter/Unterbezirk/j6,"TUM, Geb. 4232, Versuchsgut Dürnast, GHL 3",Dürnast 1,85354 Freising
J7,/apstat/filter/Unterbezirk/j7,"TUM, Geb. 4234,  Versuchsgut Dürnast, GHL 1",Dürnast 1,85354 Freising
J8,/apstat/filter/Unterbezirk/j8,"TUM, Geb. 4235,  Versuchsgut Dürnast, GHL 2",Dürnast 1,85354 Freising
JA,/apstat/filter/Unterbezirk/ja,"HSWT, Geb. 4199, Bioinformatik (C5)",Vöttinger Str. 27,85354 Freising
JB,/apstat/filter/Unterbezirk/jb,"TUM, Geb. 4111, Versuchs- und Lehrbrauerei",Weihenstephaner Steig 18,85350 Freising
JC,/apstat/filter/Unterbezirk/jc,"TUM, Geb. 4224, Biowissenschaft/Gentechnik",Gregor-Mendel-Str. 2,85350 Freising
JD,/apstat/filter/Unterbezirk/jd,"TUM, Geb. 4225, Lebensmittelchemie u. Molekulare Sensorik",Lise-Meitner-Str. 34,85354 Freising
JE,/apstat/filter/Unterbezirk/je,Kinderkrippe Krabbelstube,Emil-Erlenmeyer-Forum 4,Freising
JF,/apstat/filter/Unterbezirk/jf,"TUM, Geb. 4129/4132, Aquatische Systembiologie 'Mühle'",Mühlenweg 22,85354 Freising
JG,/apstat/filter/Unterbezirk/jg,"HSWT, Versuchsgut Grünschwaige",Grünschwaige,85462 Eitting
JH,/apstat/filter/Unterbezirk/jh,"TUM, Geb. 4275, Stallgebäude",An der Mühle 20,85354 Freising
JI,/apstat/filter/Unterbezirk/ji,"IZB, Weihenstephan",Lise-Meitner-Straße 30,85354 Freising
JJ,/apstat/filter/Unterbezirk/jj,"TUM, Geb. 4280, Servergebäude",,85354 Freising
JK,/apstat/filter/Unterbezirk/jk,"TUM, Geb. 4384, Aufbereitungshalle für Gemüse",Am Staudengarten,85354 Freising
JL,/apstat/filter/Unterbezirk/jl,"TUM, Geb. 4209, Landtechnik",Am Staudengarten 2,85354 Freising
JM,/apstat/filter/Unterbezirk/jm,"TUM, Geb. 4211, Landtechnik",Vöttinger Str. 36,85354 Freising
JN,/apstat/filter/Unterbezirk/jn,"TUM, Geb. 4521-4524,Versuchsstation Viehhausen",Viehhausen 4,85402 Kranzberg
JO,/apstat/filter/Unterbezirk/jo,"TUM, Geb. 4318, Hans Eisenmann-Zentrum (Zentralinstitut für Agrarwissenschaften)",Liesel-Beckmann-Straße 2,85354 Freising
JP,/apstat/filter/Unterbezirk/jp,"TUM, Geb. 4264, Protein Modelling",Emil-Erlenmeyer-Forum 8,85354 Freising
JQ,/apstat/filter/Unterbezirk/jq,"TUM, Geb. 4103, Sammlungsbau",Alte Akademie 6,85354 Freising
JR,/apstat/filter/Unterbezirk/jr,"TUM Geb. 4222, Servicegebäude Freising",Vöttinger Str. 40,85354 Freising
JS,/apstat/filter/Unterbezirk/js,"TUM, Versuchsstation Kranzberger Forst",,"11°39’42”E, 48°25’12”N"
JT,/apstat/filter/Unterbezirk/jt,"TUM, Geb. 4601-4620, Thalhausen",Ampertshausen 15,85402 Kranzberg
JU,/apstat/filter/Unterbezirk/ju,"TUM, Geb. 4800, AMC Versuchshalle Achering (Mühlich)",Acheringer Hauptsraße 32a,85354 Achering-Freising
JV,/apstat/filter/Unterbezirk/jv,"TUM, Geb. 4180-4192 ,Veitshof",Veitsmüllerweg 4-6,85354 Freising
JW,/apstat/filter/Unterbezirk/jw,"TUM, Geb. 4205, Franzosenstadl",Vöttinger Str. 40,85354 Freising
JZ,/apstat/filter/Unterbezirk/jz,"TUM, Tentomax Weihenstephan (Prüfungszelt)",Gregor-Mendel-Str.,Freising
K,/apstat/filter/Unterbezirk/k,Klinikum Rechts der Isar,,
K1,/apstat/filter/Unterbezirk/k1,"TUM, Geb. 561 | Chirurgische Klinik",Ismaninger Str. 22,81675 München
K2,/apstat/filter/Unterbezirk/k2,"TUM, Geb. 546",Ismaninger Str. 13,81675 München
K3,/apstat/filter/Unterbezirk/k3,"TUM, Geb. zwischen 523 und 507",Trogerstraße 5,81675 München
K4,/apstat/filter/Unterbezirk/k4,"TUM, 2 kleine Geb. zwischen 507 und 528",Trogerstraße 3,81675 München
K5,/apstat/filter/Unterbezirk/k5,"TUM, Geb. 1514, Interdisziplinäres Forschungsgebäude",Trogerstraße 9,81675 München
K6,/apstat/filter/Unterbezirk/k6,"TUM, Geb. 528, Ecke Troger- / Einsteinstraße",Trogerstraße 1,81675 München
K7,/apstat/filter/Unterbezirk/k7,"TUM, Geb. neben Geb. 523",Trogerstraße 7,81675 München
K8,/apstat/filter/Unterbezirk/k8,"TUM, Geb. 541",Trogerstraße 5b,81675 München
K9,/apstat/filter/Unterbezirk/k9,"TUM, Geb. 713, Lehr und Trainingszentrum (LUTZ)",Nigerstraße 3,81675 München
KA,/apstat/filter/Unterbezirk/ka,"TUM, Geb. 501, Hauptgebäude",Einsteinstraße 3,81675 München
KB,/apstat/filter/Unterbezirk/kb,"TUM, Geb. 502",Ismaninger Str. 22,81675 München
KC,/apstat/filter/Unterbezirk/kc,"TUM, Geb. 503",Ismaninger Str. 22,81675 München
KD,/apstat/filter/Unterbezirk/kd,"TUM, Geb. 504",Ismaninger Str. 22,81675 München
KE,/apstat/filter/Unterbezirk/ke,"TUM, Geb. 507",Trogerstraße 1b,81675 München
KF,/apstat/filter/Unterbezirk/kf,"TUM, Geb. 518, Psychosomatische Ambulanz",Langerstraße 3,81675 München
KG,/apstat/filter/Unterbezirk/kg,"TUM, Geb. 1523, IMSE Rechenzentrum (RZ)",Einsteinstraße 5,81675 München
KH,/apstat/filter/Unterbezirk/kh,"TUM, Geb. 508",Ismaninger Str. 22,81675 München
KI,/apstat/filter/Unterbezirk/ki,"TUM, Geb. 509",Trogerstraße 5b,81675 München
KJ,/apstat/filter/Unterbezirk/kj,"TUM, Geb. 510",Ismaninger Str. 22,81675 München
KK,/apstat/filter/Unterbezirk/kk,"TUM, Geb. 511",Ismaninger Str. 8,81675 München
KL,/apstat/filter/Unterbezirk/kl,"TUM, Geb. 562",Ismaninger Str. 22,81675 München
KM,/apstat/filter/Unterbezirk/km,"TUM, Geb. 1536, Geschichte und Ethik der Medizin",Trogerstr. 14,81675 München
KN,/apstat/filter/Unterbezirk/kn,"TUM, Geb. 514",Trogerstraße 7,81675 München
KO,/apstat/filter/Unterbezirk/ko,"TUM, Geb. 1740, ForTe",Neherstraße 1,81675 München
KP,/apstat/filter/Unterbezirk/kp,"TUM, Geb. 516",Ismaninger Str. 22,81675 München
KQ,/apstat/filter/Unterbezirk/kq,"TUM, Geb. 560",Ismaninger Str. 22,81675 München
KR,/apstat/filter/Unterbezirk/kr,"TUM, Geb. 512",Trogerstraße 7,81675 München
KS,/apstat/filter/Unterbezirk/ks,"TUM, Trogerstraße 5",Trogerstraße 5,81675 München
KT,/apstat/filter/Unterbezirk/kt,"TUM, Geb. 2522, TranslaTUM",Einsteinstraße 25,81675 München
KU,/apstat/filter/Unterbezirk/ku,"TUM, Geb. 506",Ismaninger Str. 22,81675 München
KV,/apstat/filter/Unterbezirk/kv,"TUM, Geb. 520",Ismaninger Str. 22,81675 München
KW,/apstat/filter/Unterbezirk/kw,"TUM, Geb. 551, Hörsaalgebäude",Einsteinstraße 3,81675 München
KX,/apstat/filter/Unterbezirk/kx,"TUM, Geb. 552",Einsteinstraße 5,81675 München
KY,/apstat/filter/Unterbezirk/ky,"TUM, Geb. 557",Trogerstraße 5,81675 München
KZ,/apstat/filter/Unterbezirk/kz,"TUM; Geb. 522, TranslaTUM",Einsteinstraße 25,81675 München
L,/apstat/filter/Unterbezirk/l,Leopoldstraße vom Siegestor bis Münchner Freiheit mit Seitenstraßen,,
L1,/apstat/filter/Unterbezirk/l1,"KHG, Studentencafe der Katholischen Hochschulgemeinde",Leopoldstraße 11,80802 München
L3,/apstat/filter/Unterbezirk/l3,"LMU, Geb. 0601",Leopoldstr. 13,80802 München
LA,/apstat/filter/Unterbezirk/la,"LMU, Geb. 0602",Leopoldstr. 13,80802 München
LB,/apstat/filter/Unterbezirk/lb,"LMU, Geb. 0603",Leopoldstr. 13,80802 München
LC,/apstat/filter/Unterbezirk/lc,"LMU, Leopoldstraße 11, 11a, 11b","Leopoldstraße 11, 11a, 11b",80802 München
LD,/apstat/filter/Unterbezirk/ld,"LMU, Center of Advanced Studies CAS",Franz-Joseph-Str. 15,80801 München
LE,/apstat/filter/Unterbezirk/le,"LMU, Georgenstr. 11",Georgenstr. 11,80799 München
LF,/apstat/filter/Unterbezirk/lf,Studentinnenheim Sophie-Barat-Haus,Franz-Joseph-Str. 4,80801 München
LG,/apstat/filter/Unterbezirk/lg,"LMU, Georgenstr. 5",Georgenstr. 5,80799 München
LH,/apstat/filter/Unterbezirk/lh,"LMU, Seniorenstudium",Hohenstaufenstraße 1,80801 München
LI,/apstat/filter/Unterbezirk/li,frei,,
LJ,/apstat/filter/Unterbezirk/lj,"ABZ, Ausbildungszentrum für Pastoralreferenten",Franz-Joseph-Str. 6,80801 München
LK,/apstat/filter/Unterbezirk/lk,"LMU, Georgenstr. 7",Georgenstr. 7,80799 München
LL,/apstat/filter/Unterbezirk/ll,"LMU, Soziologie",Konradstr. 6,80801 München
LM,/apstat/filter/Unterbezirk/lm,"Mensa, Leopoldstr.",Leopoldstr. 13a,80802 München
LN,/apstat/filter/Unterbezirk/ln,"LMU, Leopoldstraße 44",Leopoldstraße 44,80802 München
LO,/apstat/filter/Unterbezirk/lo,LMU Leopoldstr. 30,Leopoldstr. 30,80802 München
LP,/apstat/filter/Unterbezirk/lp,Priesterseminar St. Johannes der Täufer,Georgenstr. 14,80799 München
LQ,/apstat/filter/Unterbezirk/lq,Studentenwohnheim Deutsche Burse e.V.,Friedrichstraße 34,80801 München
LS,/apstat/filter/Unterbezirk/ls,"LMU, Geb. 0610",Leopoldstr. 15,80802 München
LT,/apstat/filter/Unterbezirk/lt,"LMU, Geb. 0620",Leopoldstr. 5,80802 München
LV,/apstat/filter/Unterbezirk/lv,"LMU, Geb. 0600",Leopoldstr. 3,80802 München
LW,/apstat/filter/Unterbezirk/lw,HMTM Musikhochschule Außenstelle Ballett-Akademie,Wilhelmstr. 17-19,80801 München
LZ,/apstat/filter/Unterbezirk/lz,Staatsbibliothek,Leopoldstraße 240,80807 München
M,/apstat/filter/Unterbezirk/m,Garchinger Hochschulgelände 3,,
M1,/apstat/filter/Unterbezirk/m1,"TUM, Geb. 5901, Fakultät Elektro- und Informationstechnik BA1",Hans-Piloty-Straße 1,85748 Garching
M2,/apstat/filter/Unterbezirk/m2,Siemens Technology Center Garching,Friedrich-Ludwig-Bauer-Str.,85748 Garching
M3,/apstat/filter/Unterbezirk/m3,"TUM, Geb. 5305, Naturwissenschaftliche Didaktik und Bauchchemie (NDB)",Lichtenbergstraße,85748 Garching
M6,/apstat/filter/Unterbezirk/m6,"TUM, Geb. 5143, Ver- und Entsorgungsstation Physik",Paula-Hahn-Weinheimer-Str. 2,85748 Garching
M7,/apstat/filter/Unterbezirk/m7,"TUM, Garching, Geb. 5142, Parkhaus 7, P7",Am Coulombwall 6,Garching
M8,/apstat/filter/Unterbezirk/m8,General Electric - Curie House,Freisinger Landstr. 50,85748 Garching
M9,/apstat/filter/Unterbezirk/m9,"TUM, Geb. 8104, Carl-Zeiss-Str. 8",Carl-Zeiss-Straße 8,85748 Garching
MA,/apstat/filter/Unterbezirk/ma,"TUM, Geb. 8111, Schleißheimer Str. 90A",Schleißheimer Str. 90A,85748 Garching
MB,/apstat/filter/Unterbezirk/mb,"TUM, Geb. 5414, Neubau Zentrum Energie und Information (ZEI)",Lichtenbergstraße 4a,85748 Garching
MC,/apstat/filter/Unterbezirk/mc,"TUM, Exzellenzcluster MIAPP (ehem. T1-Gebäude IPP)",Boltzmannstr. 2,85748 Garching
MD,/apstat/filter/Unterbezirk/md,"TUM, Geb. 5622 - Duschcontainer am Sportplatz",Boltzmannstraße 5,85748 Garching
ME,/apstat/filter/Unterbezirk/me,"TUM, Geb. 5530 - Exzellenzzentrum (vor Maschinenwesen)",Boltzmannstraße 17,85748 Garching
MF,/apstat/filter/Unterbezirk/mf,"TUM, Geb. 5410 - Forschungszentrum für Katalyse CRC (Katum)",Ernst-Otto-Fischer-Str. 1,85748 Garching
MG,/apstat/filter/Unterbezirk/mg,"Neubau Mensa Garching, Geb. 5304",Boltzmannstr. 19,85748 Garching
MH,/apstat/filter/Unterbezirk/mh,"TUM, Geb. 5620, TUM Hall Interims Audimax I",Boltzmannstraße 5,85748 Garching
MI,/apstat/filter/Unterbezirk/mi,Metall-Innung München-Freising-Erding,Lichtenbergstr. 10,Garching
MJ,/apstat/filter/Unterbezirk/mj,"TUM, Geb. 5519, Leichtbauhalle (bei Imetum)",Boltzmannstraße 15,85748 Garching
MK,/apstat/filter/Unterbezirk/mk,"Kinderhaus, Geb. 5531 (hinter Maschinenwesen)",Boltzmannstraße 15 re.,85748 Garching
ML,/apstat/filter/Unterbezirk/ml,"LMU, Laboratory for Extreme Photonics (LEX), Center for Advanced Laser Applications (CALA)",Am Coulombwall 1a,85748 Garching
MM,/apstat/filter/Unterbezirk/mm,"TUM, Geb. 5413 BNMR (Bavarian Nuclear Magnetic Resonanz) Zentrum",Ernst-Otto-Fischer-Straße 2,85748 Garching
MN,/apstat/filter/Unterbezirk/mn,"TUM, Geb. 5116, ZNN Zentrum für Nanotechnologie und Nanomaterialien",Am Coulombwall 4a,85748 Garching
MO,/apstat/filter/Unterbezirk/mo,"TUM, Garching, Geb. 5416, Interims Audimax II",Lichtenbergstraße 2b,85748 Garching
MP,/apstat/filter/Unterbezirk/mp,"TUM, Geb. 8102, Business Campus Garching II",Parkring 35-39,85748 Garching
MQ,/apstat/filter/Unterbezirk/mq,"TUM, Geb. 5415, Center for Protein Assemblies (CPA)",Ernst-Otto-Fischer-Str.,85748 Garching
MR,/apstat/filter/Unterbezirk/mr,"TUM, Geb. 5128, Zentrum für Quantum Engineering (ZQE)",Am Coulombwall,85748 Garching
MS,/apstat/filter/Unterbezirk/ms,"TUM, Geb. 5515, Zentrum für Softskills",Boltzmannstr. 15,85748 Garching
MT,/apstat/filter/Unterbezirk/mt,UnternehmerTUM Neubau + ECM  Geb. 5433,Lichtenbergstraße 6 (neben GATE),85748 Garching
MU,/apstat/filter/Unterbezirk/mu,"TUM, Physik Untergrundlabor",James-Franck-Str. 1,85748 Garching
MV,/apstat/filter/Unterbezirk/mv,"TUM, Garching, Geb. 5532, StudiTUM",Lichtenbergstraße 3,Garching
MW,/apstat/filter/Unterbezirk/mw,"TUM, Geb. 5250, RCM-Flachbau",Walther-Meißner-Straße 3,85748 Garching
MX,/apstat/filter/Unterbezirk/mx,SAP Campus West,,Garching
MZ,/apstat/filter/Unterbezirk/mz,"TUM, Geb. 5998, Tentomax Garching EI (Prüfungszelt)",Hans-Piloty-Str. 5,85748 Garching
N,/apstat/filter/Unterbezirk/n,"LMU, Tierärztliche Fakultät und Nano Institut, Schwabing",,
NA,/apstat/filter/Unterbezirk/na,"LMU, Geb. C (früher 0802), Anatomie",Veterinärstraße 13,80539 München
NB,/apstat/filter/Unterbezirk/nb,"LMU, Geb. J (früher 0828), Chirurgie der Schweine",Königinstr.18,80539 München
NC,/apstat/filter/Unterbezirk/nc,"LMU, Geb. G (früher 0824), Chirurgie",Königinstr. 14,80539 München
ND,/apstat/filter/Unterbezirk/nd,"LMU, Geb. N (früher 0825), Chirurgie",Königinstr. 14,80539 München
NF,/apstat/filter/Unterbezirk/nf,"LMU, Geb. P (früher 0823), Gynäkologie",Königinstr. 12,80539 München
NG,/apstat/filter/Unterbezirk/ng,"LMU, Geb. E/F (früher 0820/0822) , Gynäkologie",Königinstr. 12,80539 München
NH,/apstat/filter/Unterbezirk/nh,"LMU, Geb. R (früher 0840), Hygiene",Veterinärstraße 13,80539 München
NK,/apstat/filter/Unterbezirk/nk,"LMU, Geb. 0310, Zoologie Fischkrankheiten",Kaulbachstr. 37,80539 München
NL,/apstat/filter/Unterbezirk/nl,"LMU, Geb. L (früher 0827) Pharmazie",Königinstr.16,80539 München
NM,/apstat/filter/Unterbezirk/nm,"LMU, Geb. S (früher 0850), Mikrobiologie+Pathologie",Veterinärstraße 13,80539 München
NN,/apstat/filter/Unterbezirk/nn,"LMU, Geb. T (früher 0851), Mikrobiologie",Veterinärstraße 13,80539 München
NO,/apstat/filter/Unterbezirk/no,"LMU, Geb. Q (früher 0835), Rechnerbetriebsgruppe",Königinstr. 16,80539 München
NP,/apstat/filter/Unterbezirk/np,"LMU, Geb. H (früher 0826), Pharmazie",Königinstr. 16,80539 München
NQ,/apstat/filter/Unterbezirk/nq,"LMU, Geb. K (früher 0830), Pharmazie",Königinstr. 16,80539 München
NS,/apstat/filter/Unterbezirk/ns,"LMU, Geb. V (früher 0860), Stallung",Veterinärstr. 13,80539 München
NT,/apstat/filter/Unterbezirk/nt,"LMU, Geb. B (früher 0801), Tierzucht",Königinstr. 8,80539 München
NY,/apstat/filter/Unterbezirk/ny,"LMU, Geb. A (früher 0800), Physiologie",Veterinärstr. 13,80539 München
NZ,/apstat/filter/Unterbezirk/nz,"LMU, Neubau Nano-Institut",Königinstr. 10,80539 München
O,/apstat/filter/Unterbezirk/o,"LMU, Oettingenstraße 67",,
OE,/apstat/filter/Unterbezirk/oe,"LMU, Gebäudeteil F (früher E)",Oettingenstraße 67,80538 München
OG,/apstat/filter/Unterbezirk/og,"LMU, Gebäudeteil H (früher G)",Oettingenstraße 67,80538 München
OK,/apstat/filter/Unterbezirk/ok,"LMU, Baracke auf Parkplatz",Oettingenstraße 67,80538 München
OZ,/apstat/filter/Unterbezirk/oz,"LMU Oettingenstr. 67, Hauptgebäude",Oettingenstraße 67,80538 München
P,/apstat/filter/Unterbezirk/p,Campus Weihenstephan 1,,
P0,/apstat/filter/Unterbezirk/p0,Wohnheim Giggenhauserstraße (Weihenstephan II),Giggenhauser Str. 25,85354 Freising
P1,/apstat/filter/Unterbezirk/p1,Wohnheim Giggenhauserstraße (Weihenstephan IV),Giggenhauser Straße 27-33,85354 Freising
P2,/apstat/filter/Unterbezirk/p2,"TUM, Geb. 4323, Kfz-Mechanikwerkstatt",Lange Point 24,85354 Freising
P3,/apstat/filter/Unterbezirk/p3,"FHG/IVV, Fraunhofer Gesellschaft",Giggenhauser Str. 35,85354 Freising
P4,/apstat/filter/Unterbezirk/p4,"TUM, Geb. 4218, Zierpflanzenbau, Botanik, Mikrobiologie",Emil-Ramann-Str. 4,85354 Freising
P5,/apstat/filter/Unterbezirk/p5,"TUM, Geb. 4153, Teilverwaltung TUM (früheres Verwaltungsgebäude der Molkerei)",Weihenstephaner Berg 13,85354 Freising
P6,/apstat/filter/Unterbezirk/p6,"TUM, Geb. 4307, Tierernährung Versuchsanlage",Liesel-Beckmann-Straße 6,85354 Freising
P7,/apstat/filter/Unterbezirk/p7,Bayerische Staatsbrauerei Weihenstephan,Alte Akademie 2,85354 Freising
P8,/apstat/filter/Unterbezirk/p8,SWH Vöttinger Straße (Weihenstephan I),Vöttinger Str. 49,85354 Freising
P9,/apstat/filter/Unterbezirk/p9,"TUM, Geb. 4317, Neubau Tierwissenschaften",Liesel-Beckmann-Straße  1,85354 Freising
PA,/apstat/filter/Unterbezirk/pa,"TUM, Geb. 4378, Heizhaus",Am Staudenkarten 10,85354 Freising
PB,/apstat/filter/Unterbezirk/pb,"HSWT, Geb. 4375, SVA Lehrstuhl für Bodenkunde und Pflanzen",Am Staudengarten 14,85354 Freising
PC,/apstat/filter/Unterbezirk/pc,"HSWT, Geb. 4376, SVA Lehrstuhl für Obstbau und Baumschulung",Am Staudengarten 12,85354 Freising
PD,/apstat/filter/Unterbezirk/pd,"TUM, Geb. XXX, Forschungszentrums für integrierte Infektionsprävention (ZIP)",Liesel-Beckmann-Straße XX,85354 Freising
PE,/apstat/filter/Unterbezirk/pe,"HSWT, Geb. 4383, Fachbereich Gartenbau, Technische Landwirtschaft",Lange Point 2,85354 Freising
PF,/apstat/filter/Unterbezirk/pf,"HSWT, Geb. 4379, SVA Lehrstuhl für Zierpflanzenbau",Am Staudengarten 8,85354 Freising
PG,/apstat/filter/Unterbezirk/pg,"TUM, Geb. 4213, Lebensmitteltechnikum",Maximus-von-Imhof-Forum 2,85354 Freising
PH,/apstat/filter/Unterbezirk/ph,"HSWT, Geb. 4372, Hörsäle L - P, Staatliche Versuchsanstalt, Lehrstuhl für Obstverwertung",Am Staudengarten 11,85354 Freising
PI,/apstat/filter/Unterbezirk/pi,"TUM, Geb. 4306, Tierernährung - Hauptgebäude",Liesel-Beckmann-Straße  6,85354 Freising
PJ,/apstat/filter/Unterbezirk/pj,"HSWT, Geb. 4373, Hörsäle Lange Point, SVA Info-Stelle",Am Staudengarten 9,85354 Freising
PK,/apstat/filter/Unterbezirk/pk,"HSWT, Geb. 4374, Hörsaal L-P, SVA Institut für Gemüsebau, Stauden und Gehölze",Am Staudengarten 7,85354 Freising
PL,/apstat/filter/Unterbezirk/pl,"HSWT, Geb. 4386, Blumenschule",Am Staudengarten 6,85354 Freising
PM,/apstat/filter/Unterbezirk/pm,"TUM, Geb. 4304, Pflanzenbau",Lange Point 51,85354 Freising
PN,/apstat/filter/Unterbezirk/pn,"HSWT, Geb. 4377",Am Staudengarten 10,85354 Freising
PO,/apstat/filter/Unterbezirk/po,"TUM, Geb. 4308, Tierernährung-Institutsgebäude",Liesel-Beckmann-Straße 4/Steinbreite,85350 Freising
PP,/apstat/filter/Unterbezirk/pp,"TUM, Geb. 4309, Wirtschaftslehre des Gartenbaus",Blumenstr. 16,85354 Freising
PQ,/apstat/filter/Unterbezirk/pq,"TUM, Geb. 4313, Zierpflanzenbau",Blumenstr. 12,85354 Freising
PR,/apstat/filter/Unterbezirk/pr,"HSWT, Geb. 4179 (C4), Pappelallee",Weihenstephaner Berg 5,85354 Freising
PS,/apstat/filter/Unterbezirk/ps,"TUM, Geb. 4311, Zierpflanzenbau",Blumenstr. 16,85354 Freising
PT,/apstat/filter/Unterbezirk/pt,"TUM, Geb. 4108",Alte Akademie 10,85354 Freising
PU,/apstat/filter/Unterbezirk/pu,HSWT Geb. 4123 (von HSWT freigegeben),Weihenstephaner Berg 4,
PV,/apstat/filter/Unterbezirk/pv,"HSWT, Geb. 4171, Alte Baumschule (A10)",Weihenstephaner Fußweg 17,85354 Freising
PW,/apstat/filter/Unterbezirk/pw,"HSWT, Geb. 4173, Institutsgebäude (A4)",Weihenstephaner Fußweg 1,85354 Freising
PX,/apstat/filter/Unterbezirk/px,"HSWT, Geb. 4174, Bibliothek (A8)",Weihenstephaner Fußweg 1,85354 Freising
PY,/apstat/filter/Unterbezirk/py,Wohnheim Lange Point (Weihenstephan III),Lange Point 1-35,85354 Freising
PZ,/apstat/filter/Unterbezirk/pz,"TUM, Geb. 4223, Anbau an Geb. 4219, Genetik",Emil-Ramann-Str. 8,85350 Freising
Q,/apstat/filter/Unterbezirk/q,Campus  Weihenstephan 2,,
Q0,/apstat/filter/Unterbezirk/q0,"TUM, Geb. 4219, Landpflege und Botanik",Emil-Ramann-Str. 6,85354 Freising
Q1,/apstat/filter/Unterbezirk/q1,"TUM, Geb. 4221, Telefonzentrale",Emil-Erlenmeyer-Forum 7,85354 Freising
Q2,/apstat/filter/Unterbezirk/q2,"TUM, Geb. 4277, Forstwissenschaft, FVA - Forstwissenschaftliche Versuchsanstalt",Hans-Carl-von-Carlowitz-Platz 2,85354 Freising
Q3,/apstat/filter/Unterbezirk/q3,"TUM, Geb. 4238, Werksfeuerwehr",Emil-Erlenmeyer-Forum 2,85354 Freising
Q4,/apstat/filter/Unterbezirk/q4,"TUM, Geb. 4106, Wirtschaftslehre des Landbaus",Alte Akademie 14,85354 Freising
Q5,/apstat/filter/Unterbezirk/q5,"TUM, Geb. 4107, Ernährungslehre",Alte Akademie 16,85354 Freising
Q6,/apstat/filter/Unterbezirk/q6,"Dienstleister / Eltern-Kind, Geb. 4254",Emil-Erlenmeyer-Forum 6,85354 Freising
Q7,/apstat/filter/Unterbezirk/q7,"HSWT, Geb. 4176, Lehrgebäude (A1)",Weihenstephaner Fußweg,85354 Freising
Q8,/apstat/filter/Unterbezirk/q8,"TUM, Geb. 4212, Physik, Chemie, Zentrallaboratorium",Emil-Erlenmeyer-Forum 5,85354 Freising
Q9,/apstat/filter/Unterbezirk/q9,"HSWT, Geb. 4125, Löwentorgebäude (A3)",Weihenstephaner Fußweg,85354 Freising
QA,/apstat/filter/Unterbezirk/qa,"TUM, Geb. 4124, FML neu - Zentrum für Milch- und Lebensmittel",Weihenstephaner Berg 3,85354 Freising
QB,/apstat/filter/Unterbezirk/qb,"TUM, Geb. 4130, ehemalige Datenverarbeitung",Weihenstephaner Berg,85354 Freising
QC,/apstat/filter/Unterbezirk/qc,"TUM, Geb. 4117, Grünlandlehre",Weihenstephaner Steig 19b,85354 Freising
QD,/apstat/filter/Unterbezirk/qd,"TUM, Geb. 4109, Studierendenservice, LS f. Lebensmittelverpackungstechnik",Weihenstephaner Steig 22,85354 Freising
QE,/apstat/filter/Unterbezirk/qe,"TUM, Geb. 4101",Alte Akademie 3,85354 Freising
QF,/apstat/filter/Unterbezirk/qf,"HSWT, Geb. 4172, Stammgebäude (A5), Verwaltung (A6) und Salettl (A7)",Weihenstephaner Fußweg 1,85354 Freising
QG,/apstat/filter/Unterbezirk/qg,"TUM, Geb. 4102, Bibliothek und Dekanatsgebäude",Alte Akademie 8,85354 Freising
QH,/apstat/filter/Unterbezirk/qh,"TUM, Geb. 4105, Ökologischer Landbau, Grünlandlehre",Alte Akademie 12,85354 Freising
QI,/apstat/filter/Unterbezirk/qi,"TUM, Geb. 4214, Zentrales Hörsaalgebäude",Maximus-von-Imhof-Forum 6,85354 Freising
QJ,/apstat/filter/Unterbezirk/qj,"HSWT, Geb. 4276, Wald und Forstwirtschaft",Hans-Carl-von-Carlowitz-Platz 3,85354 Freising
QK,/apstat/filter/Unterbezirk/qk,"TUM, Geb. 4210  Landtechnik",Am Staudengarten 2,85354 Freising
QL,/apstat/filter/Unterbezirk/ql,"TUM, Geb. 4215, Zentrales Praktikagebäude",Maximus-von-Imhof-Forum 4,85354 Freising
QM,/apstat/filter/Unterbezirk/qm,"TUM, Geb. 4110, Brauerei I",Weihenstephaner Steig 20,85354 Freising
QN,/apstat/filter/Unterbezirk/qn,"TUM, Geb. 4119 / 4120",Hohenbachernstr.   15 und 17,85354 Freising
QO,/apstat/filter/Unterbezirk/qo,"TUM, Geb. 4126, Lebensmittelverfahrenstechnik",Weihenstephaner Berg 1,85354 Freising
QP,/apstat/filter/Unterbezirk/qp,"TUM, Geb. 4114, Betriebshof",Weihenstephaner Steig 14,85354 Freising
QQ,/apstat/filter/Unterbezirk/qq,"TUM, Geb. 4115, Senger - Wohnhaus",Weihenstephaner Steig 19,85354 Freising
QR,/apstat/filter/Unterbezirk/qr,"HSWT, Geb. 4178, Kleine Kustermannhalle (A9)",Am Hofgarten 4,85354 Freising
QS,/apstat/filter/Unterbezirk/qs,"TUM, Geb. 4226, Internationales Getränkewissenschaftliches Zentrum (iGZW)",Gregor-Mendel-Str. 4,85354 Freising
QT,/apstat/filter/Unterbezirk/qt,"TUM, Geb. 4217, Bodenkunde",Emil-Ramann-Str. 2,85354 Freising
QU,/apstat/filter/Unterbezirk/qu,"TUM, Geb. 4113, StudiTUM Weihenstephan (ehemalige Schnapsbrennerei)",Weihenstephaner Steig 16,85354 Freising
QV,/apstat/filter/Unterbezirk/qv,"TUM, Geb. 4116, Kinderkrippe ""Kindervilla""",Weihenstephaner Steig 17,85354 Freising
QW,/apstat/filter/Unterbezirk/qw,"TUM/HSWT Weihenstephan, Geb. 4281, Zentrum für Naturwissenschaftliche Grundlagen, Geb. D1",Am Staudengarten 1,85354 Freising
QX,/apstat/filter/Unterbezirk/qx,"TUM, Server Gebäuder WZW (Neubau)",Gregor-Mendel-Straße,85354 Freising
QY,/apstat/filter/Unterbezirk/qy,"TUM, Geb. 4220, Bibliothek Neubau",Maximus-von-Imhof-Forum 3,85354 Freising
QZ,/apstat/filter/Unterbezirk/qz,"TUM, Geb. 4216, Mensa",Maximus-von-Imhof-Forum 5,85354 Freising
R,/apstat/filter/Unterbezirk/r,Hochschule München,,
RA,/apstat/filter/Unterbezirk/ra,"HM, Gebäude A",Lothstr. 34,80335 München
RB,/apstat/filter/Unterbezirk/rb,"HM, Gebäude B",Dachauerstr. 98b,80335 München
RC,/apstat/filter/Unterbezirk/rc,"HM, Gebäude C",Loristr. 19,80335 München
RD,/apstat/filter/Unterbezirk/rd,"HM, Gebäude D",Ferdinand Miller Platz,80335 München
RE,/apstat/filter/Unterbezirk/re,"HM, Gebäude E",Dachauerstr. 98b,80335 München
RF,/apstat/filter/Unterbezirk/rf,"HM, Gebäude F",Karlstr. 6,80333 München
RG,/apstat/filter/Unterbezirk/rg,"HM, Gebäude G",Lothstr. 34,80335 München
RH,/apstat/filter/Unterbezirk/rh,"HM, Gebäude H",Lothstr. 13d,80335 München
RI,/apstat/filter/Unterbezirk/ri,"HM, Erweiterungsbau Bibliothek",Lazarettstr. 62,80636 München
RK,/apstat/filter/Unterbezirk/rk,"HM, Gebäude K, Altbau",Am Stadtpark 20,81243 München
RL,/apstat/filter/Unterbezirk/rl,"HM, Gebäude L, Pasing, Neubau",Am Stadtpark 20,81243 München
RM,/apstat/filter/Unterbezirk/rm,"HM, Gebäude M",Infanteriestr. 14,80797 München
RN,/apstat/filter/Unterbezirk/rn,"HM, Gebäude N",Infanteriestr. 13,80797 München
RR,/apstat/filter/Unterbezirk/rr,"HM, Gebäude R1, R2, R3",Heßstraße 89 / Lothstr. 64,80335 München
RS,/apstat/filter/Unterbezirk/rs,"HM, Gebäude S",Schachenmeierstr. 35,80636 München
RT,/apstat/filter/Unterbezirk/rt,"HM, Gebäude T, Neubau",Dachauer Str. 100a,80335 München
RV,/apstat/filter/Unterbezirk/rv,Bayerisches Staatsinstitut für Hochschulforschung und Hochschulplanung (IHF),Lazarettstraße 67,80636 München
RW,/apstat/filter/Unterbezirk/rw,"HM, Gebäude W",Lothstr. 21,80335 München
RX,/apstat/filter/Unterbezirk/rx,"HM, Geb.2201/2202, Vorder und Rückgebäude",Lothstr. 17,80335 München
RY,/apstat/filter/Unterbezirk/ry,"HM, Gebäude Y",Clemensstr. 33,80803 München
RZ,/apstat/filter/Unterbezirk/rz,"HM, Gebäude Z, Kita Herzerl",Lazarettstr. 60/62,80803 München
S,/apstat/filter/Unterbezirk/s,"LMU, östlich Ludwigstr., nördlich Adalbertstr.",,
SA,/apstat/filter/Unterbezirk/sa,"LMU, Bauamt",Ludwigstr. 18,80539 München
SB,/apstat/filter/Unterbezirk/sb,Staatsbibliothek,Ludwigstr.16,80539 München
SC,/apstat/filter/Unterbezirk/sc,"LMU, Schackstr. 4",Schackstr. 4,80539 München
SD,/apstat/filter/Unterbezirk/sd,"LMU, Ludwigstr. 14",Ludwigstr. 14,80539 München
SE,/apstat/filter/Unterbezirk/se,"Hochschule für Philosophie (Medienethik, Philosophie und Leadership)",Kaulbachstraße 22a,80539 München
SF,/apstat/filter/Unterbezirk/sf,"LMU, Vestibülbau",Ludwigstr./Prof.-Huber-Pl. 2,80539 München
SG,/apstat/filter/Unterbezirk/sg,LMU Giselastraße 10,Giselastraße 10,80802 München
SH,/apstat/filter/Unterbezirk/sh,"LMU, Seestraße 13",Seestraße 13,80802 München
SI,/apstat/filter/Unterbezirk/si,"Wohnheim Kaulbachstraße, Marie-Antonie Haus",Kaulbachstraße 49,80539 München
SJ,/apstat/filter/Unterbezirk/sj,"LMU, Juristisches Seminargebäude",Prof-Huber-Platz 2,80539 München
SK,/apstat/filter/Unterbezirk/sk,"LMU, Geb. 0407, Rückgebäude",Ludwigstr. 28,80539 München
SL,/apstat/filter/Unterbezirk/sl,"LMU, Geb. 0410, Vordergebäude",Ludwigstr. 28,80539 München
SM,/apstat/filter/Unterbezirk/sm,LMU Martiusstr. 4,Martiusstr. 4,80802 München
SN,/apstat/filter/Unterbezirk/sn,Wohnheim Georgianum,Prof.-Huber-Pl. 1,80539 München
SO,/apstat/filter/Unterbezirk/so,"LMU, Ostasieninstitut",Kaulbachstr. 53,80539 München
SP,/apstat/filter/Unterbezirk/sp,Historisches Kolleg,Kaulbachstr. 15,80539 München
SQ,/apstat/filter/Unterbezirk/sq,"LMU, Kaulbachstr. 45",Kaulbachstr. 45,80539 München
SR,/apstat/filter/Unterbezirk/sr,SWH Newman-Haus,Kaulbachstr. 27-29,80539 München
ST,/apstat/filter/Unterbezirk/st,"LMU, (DAF, MCG) Schönfeldstr. 13",Schönfeldstr. 13,80539 München
SU,/apstat/filter/Unterbezirk/su,"LMU, Jura, Veterinärstr. 1",Veterinärstr. 1,80539 München
SV,/apstat/filter/Unterbezirk/sv,"LMU, Jura, Veterinärstr. 5",Veterinärstr. 5,80539 München
SW,/apstat/filter/Unterbezirk/sw,Johannes-Hanselmann-Haus,Kaulbachstr. 25,80539 München
SX,/apstat/filter/Unterbezirk/sx,Bayerische Staatsbibliothek,Kaulbachstr. 19,80539 München
SY,/apstat/filter/Unterbezirk/sy,"Hochschule für Philosophie, Institut für Gesellschaftspolitik",Kaulbachstr. 31,80539 München
T,/apstat/filter/Unterbezirk/t,"LMU, Innenstadtkliniken",,
TA,/apstat/filter/Unterbezirk/ta,"LMU, Augenklinik",Mathildenstraße 8,80336 München
TB,/apstat/filter/Unterbezirk/tb,"LMU, Zahnklinik",Goethestr. 68,80336 München
TC,/apstat/filter/Unterbezirk/tc,"LMU, Chirurgische Klinik",Nussbaumstraße 20,80336 München
TD,/apstat/filter/Unterbezirk/td,"LMU, Frauenlobstraße 7a",Frauenlobstraße 7a,80337 München
TE,/apstat/filter/Unterbezirk/te,"LMU, Schillerstr. 42-46",Schillerstr. 42-46,München
TF,/apstat/filter/Unterbezirk/tf,"LMU, Innenstadtkliniken, Bavariaring 19",Bavariaring 19,80336 München
TG,/apstat/filter/Unterbezirk/tg,"LMU, Gebäudekomplex Bereich Physiologie",Goethestr. 33,80336 München
TH,/apstat/filter/Unterbezirk/th,"LMU, Medizinische Lesehalle",Beethovenplatz 1,80336 München
TL,/apstat/filter/Unterbezirk/tl,"LMU, Gebäudekomplex Nervenklinik",Nußbaumstraße 7,80336 München
TM,/apstat/filter/Unterbezirk/tm,"LMU, Frauenklinik",Maistraße 11,80337 München
TP,/apstat/filter/Unterbezirk/tp,"LMU, Kreislaufprophylaxe + Bauamt",Pettenkoferstraße 9,80336 München
TQ,/apstat/filter/Unterbezirk/tq,"LMU, Theoretische Institute, Pettenkoferstraße 12",Pettenkoferstraße 12,80336 München
TR,/apstat/filter/Unterbezirk/tr,"LMU, Theoretische Institute, Pettenkoferstraße 14",Pettenkoferstraße 14,80336 München
TS,/apstat/filter/Unterbezirk/ts,"LMU, Rechtsmedizin",Nußbaumstraße 26,80336 München
TW,/apstat/filter/Unterbezirk/tw,"LMU Klinikum, Campus Innenstadt",Lindwurmstraße 2a,80337 München
TZ,/apstat/filter/Unterbezirk/tz,"LMU, Klinikum,  Ziemssenstraße 1",Ziemssenstraße 1,80336 München
U,/apstat/filter/Unterbezirk/u,Wissenschaftszentrum Straubing  (TUM+HSWT),,
U0,/apstat/filter/Unterbezirk/u0,"TUM, Geb 76B/76C, für Luftfahrt, Raumfahrt und Geodäsie, Ludwig-Bölkow-Campus",Willy-Messerschmidt-Str. 1,82024 Taufkirchen
U1,/apstat/filter/Unterbezirk/u1,"TUM, Algentechnikum, Geb. 78, Ludwig-Bölkow-Campus",Willy-Messerschmidt-Str. 1,85521 Ottobrunn
U2,/apstat/filter/Unterbezirk/u2,"TUM, Geb. 90B,  Lehrstuhl LCC, Ludwig-Bölkow-Campus",Willy-Messerschmidt-Str. 1,85521 Ottobrunn
U3,/apstat/filter/Unterbezirk/u3,"TUM, Geb. 91.12, Lehrstuhl LCC, Ludwig-Bölkow-Campus 	Lageplan",Willy-Messerschmidt-Str. 1,85521 Ottobrunn
U4,/apstat/filter/Unterbezirk/u4,"TUM, Geb. 9377,  Fakultät für Luftfahrt, Raumfahrt und Geodäsie","Lise-Meitner-Str. 9, 9a",85521 Ottobrunn
U5,/apstat/filter/Unterbezirk/u5,"TUM, Airbus Geb. 5.1",Robert-Koch-Straße 1,82024 Taufkirchen
U6,/apstat/filter/Unterbezirk/u6,"TUM, Geb. 9378, Fakultät für Luftfahrt, Raumfahrt und Geodäsie (Panasonic Gebäude)",Caroline-Herschel-Straße 100,85521 Ottobrunn
U7,/apstat/filter/Unterbezirk/u7,"TUM, Geb. 9379, LRG, 10.1A, 10.1B, 10.2",Lise-Meitner-Straße 8,85521 Ottobrunn
UA,/apstat/filter/Unterbezirk/ua,"TUM/WZS, Geb. 3501, Straubing Neubau CS",Schulgasse 16,94315 Straubing
UB,/apstat/filter/Unterbezirk/ub,"WZS, Kompetenzzentrum Nachwachsende Rohstoffe",Schulgasse 18,94315 Straubing
UC,/apstat/filter/Unterbezirk/uc,"TUM/WZS, Geb. 2927, Straubing Klostertrakte",Petersgasse 18,94315 Straubing
UD,/apstat/filter/Unterbezirk/ud,"TUM/WZS, Straubing Fraunhofer Institut Projektgruppe (IGB) BioCat",Schulgasse 11a,94315 Straubing
UE,/apstat/filter/Unterbezirk/ue,"TUM/WZS, Geb. 3502, ehemalige VHS",Schulgasse 22,94315 Straubing
UF,/apstat/filter/Unterbezirk/uf,"TUM/WZS, Geb. 3503, ehem. Jugendamt",Petersgasse 5,94315 Straubing
UG,/apstat/filter/Unterbezirk/ug,"TUM/WZS, Geb. 3515, Am Essigberg",Am Essigberg 3,94315 Straubing
UH,/apstat/filter/Unterbezirk/uh,"TUM/WZS, Geb. 3505, Hörsaal und Forschungsgebäude für nachhaltige Chemie",Uferstraße 53,94315 Straubing
UI,/apstat/filter/Unterbezirk/ui,"TUM/WZS, Geb. 3504, Interimsgebäude",Schulgasse 22 a,94315 Straubing
UJ,/apstat/filter/Unterbezirk/uj,Stadtbibliothek im Salzstadel,Rentamtsberg 1,94315 Straubing
V,/apstat/filter/Unterbezirk/v,"LMU, Oberschleißheim",,
VA,/apstat/filter/Unterbezirk/va,"LMU, Tiermedizin, Klinik für Pferde",Sonnenstraße 14,85764 Oberschleißheim
VB,/apstat/filter/Unterbezirk/vb,"LMU, VetMed, Bibliothek",Sonnenstraße 20,85764 Oberschleißheim
VC,/apstat/filter/Unterbezirk/vc,"LMU Oberschleißheim Container , Geb. 4924",Schönleutnerstr. 8,85764 Oberschleißheim
VD,/apstat/filter/Unterbezirk/vd,"LMU, VetMed, Department 1",Sonnenstraße 22,85764 Oberschleißheim
VE,/apstat/filter/Unterbezirk/ve,"LMU, VetMed, Anatomie/Pathologie",Sonnenstraße 30,85764 Oberschleißheim
VH,/apstat/filter/Unterbezirk/vh,"LMU, Versuchsgut St. Hubertus",St.-Hubertus-Str. 12,85764 Oberschleißheim
VI,/apstat/filter/Unterbezirk/vi,"LMU, Institut für Infektionsmedizin und Zoonosen (Mikrobiologie I)",Sonnenstraße 24,85764 Oberschleißheim
VJ,/apstat/filter/Unterbezirk/vj,"LMU, Instituts für Infektionsmedizin und Zoonosen (Mikrobiologie II)",Sonnenstraße 26,85764 Oberschleißheim
VK,/apstat/filter/Unterbezirk/vk,"LMU, VetMed, Kleintierklinik",Sonnenstraße 12,85764 Oberschleißheim
VM,/apstat/filter/Unterbezirk/vm,"LMU, Moorversuchsgut Badersfeld",Hackerstr. 27,85764 Oberschleißheim
VP,/apstat/filter/Unterbezirk/vp,"LMU, Reptilienklinik Oberscheißheim, Geb. 4052",Sonnenstraße 18,85764 Oberschleißheim
VR,/apstat/filter/Unterbezirk/vr,"LMU, Klauentierklinik, Geb. 4070",Sonnenstraße 16,85764 Oberschleißheim
VS,/apstat/filter/Unterbezirk/vs,"LMU, Schleicherbau, Geb. 4925",Schönleutnerstr. 8,85764 Oberschleißheim
VV,/apstat/filter/Unterbezirk/vv,"LMU, Geflügelkrankheiten (Vogelklinik), Geb. 4050",Sonnenstraße 18,85764 Oberschleißheim
VW,/apstat/filter/Unterbezirk/vw,Wohnheim Oberschleißheim,Am Schäferanger 9-15,85764 Oberschleißheim
VY,/apstat/filter/Unterbezirk/vy,"LMU, VetMed, Zentrale Einrichtungen 2",Sonnenstraße 28,85764 Oberschleißheim
VZ,/apstat/filter/Unterbezirk/vz,"LMU, Tiermedizin, Geb. 4057D, Zentrale Einrichtungen",Sonnenstraße 16A,85764 Oberschleißheim
W,/apstat/filter/Unterbezirk/w,Garchinger Hochschulgelände 2,,
W0,/apstat/filter/Unterbezirk/w0,"TUM, Geb. 5500 (Bauteil 0 ~5510), Maschinenwesen",Boltzmannstraße 15,85748 Garching
W1,/apstat/filter/Unterbezirk/w1,"TUM, Geb. 5500 (Bauteil 1 ~5501), Maschinenwesen",Boltzmannstraße 15,85748 Garching
W2,/apstat/filter/Unterbezirk/w2,"TUM, Geb. 5500 (Bauteil 2 ~5502), Maschinenwesen",Boltzmannstraße 15,85748 Garching
W3,/apstat/filter/Unterbezirk/w3,"TUM, Geb. 5500 (Bauteil 3 ~5503), Maschinenwesen",Boltzmannstraße 15,85748 Garching
W4,/apstat/filter/Unterbezirk/w4,"TUM, Geb. 5500 (Bauteil 4 ~5504), Maschinenwesen",Boltzmannstraße 15,85748 Garching
W5,/apstat/filter/Unterbezirk/w5,"TUM, Geb. 5500 (Bauteil 5 ~5505), Maschinenwesen",Boltzmannstraße 15,85748 Garching
W6,/apstat/filter/Unterbezirk/w6,"TUM, Geb. 5500 (Bauteil 6 ~5506), Maschinenwesen",Boltzmannstraße 15,85748 Garching
W7,/apstat/filter/Unterbezirk/w7,"TUM, Geb. 5500 (Bauteil 7 ~5507), Maschinenwesen",Boltzmannstraße 15,85748 Garching
W8,/apstat/filter/Unterbezirk/w8,"TUM, Geb. 5500 (Bauteil 8 ~5508), Maschinenwesen",Boltzmannstraße 15,85748 Garching
W9,/apstat/filter/Unterbezirk/w9,"TUM, Geb. 5500 (Bauteil 9 ~5509), Maschinenwesen",Boltzmannstraße 15,85748 Garching
WA,/apstat/filter/Unterbezirk/wa,"TUM, Geb. 5222, FRM II, Zugangshalle",Lichtenbergstr. 1,85747 Garching
WB,/apstat/filter/Unterbezirk/wb,"TUM, Geb. 5220, FRM II, Neutronenleiterhalle",Lichtenbergstr. 1,85747 Garching
WC,/apstat/filter/Unterbezirk/wc,"LRZ, Institutsgebäude 2",Boltzmannstraße 1,85748 Garching
WD,/apstat/filter/Unterbezirk/wd,Studentenhaus DOMINO,Untere Straßäcker 21,85748 Garching
WE,/apstat/filter/Unterbezirk/we,"Geb. 7901, Speicherbibliothek der Bayerischen Staatsbibliothek",Römerhofweg 66,85748 Garching
WF,/apstat/filter/Unterbezirk/wf,Schotterparkplatz Garching,Ludwig-Prandtl-Straße,85748 Garching
WG,/apstat/filter/Unterbezirk/wg,"GATE, Gründerzentrum",Lichtenbergstr. 8,85748 Garching
WH,/apstat/filter/Unterbezirk/wh,Hochschulhaus Garching,Enzianstraße 5+7,85748 Garching
WI,/apstat/filter/Unterbezirk/wi,"TUM, Geb. 5600-5613, Informatik / Mathematik",Boltzmannstr. 3,85748 Garching
WJ,/apstat/filter/Unterbezirk/wj,GALILEO,Boltzmannstraße 30 / Walther-von-Dyck-Straße 2 - 16,85748 Garching
WK,/apstat/filter/Unterbezirk/wk,"TUM, Exzellenz-Cluster Universe (ehem. ITER-Gebäude)",Boltzmannstr. 2,85748 Garching
WL,/apstat/filter/Unterbezirk/wl,"LRZ, Institutstrakt",Boltzmannstraße 1,85748 Garching
WM,/apstat/filter/Unterbezirk/wm,"TUM, Tentomax Garching MW (Vorlesungszelt)",Boltzmannstr. 15,85748 Garching
WN,/apstat/filter/Unterbezirk/wn,"TUM, Geb. 5131, FRM-Poststelle",Boltzmannstr. 10b,85748 Garching
WO,/apstat/filter/Unterbezirk/wo,"TUM, Geb. 8101, Business Campus Garching I",Parkring 11 - 13,85748 Garching
WP,/apstat/filter/Unterbezirk/wp,"FHG, AISEC, Fraunhofer-Institut für Angewandte und Integrierte Sicherheit",Lichtenbergstraße 11,85748 Garching b. München
WQ,/apstat/filter/Unterbezirk/wq,"TUM, Geb. 5301, IAS-Gebäude",Lichtenbergstr. 2a,85748 Garching
WR,/apstat/filter/Unterbezirk/wr,"LRZ, Rechnerwürfel",Boltzmannstraße 1,85748 Garching
WS,/apstat/filter/Unterbezirk/ws,"TUM, Geb. 5517, Halle 17, Maschinenwesen",Boltzmannstraße 15,85748 Garching
WT,/apstat/filter/Unterbezirk/wt,"TUM, Geb. 5216, RCM-Dokumenten-Archiv",Walther-Meißner-Straße 3,85748 Garching
WU,/apstat/filter/Unterbezirk/wu,Garching U-Bahnhof Forschungsgelände,Boltzmannstraße 4,85748 Garching
WV,/apstat/filter/Unterbezirk/wv,"Campus Garching, GE Global Research, Newton-House",Freisinger Landstr. 50,85748 Garching
WW,/apstat/filter/Unterbezirk/ww,"TUM, Geb. xxx, Center for Organoid Systems & Tissue Engineering (COS)",Bolzmannstraße 12,85748 Garching
WX,/apstat/filter/Unterbezirk/wx,"TUM, Geb. 7910 - Oskar-von-Miller-Turm (Wetterturm)",Ludwig-Prandtl-Straße 1,85748 Garching
WY,/apstat/filter/Unterbezirk/wy,"TUM, Geb. 5160, UCN-Testanlage (Tritron Hütte)",Am Coulombwall 6,85748 Garching
WZ,/apstat/filter/Unterbezirk/wz,"LRZ, Hörsaaltrakt",Boltzmannstraße 1,85748 Garching
X,/apstat/filter/Unterbezirk/x,Kleinere Unterbezirke 1,,
X0,/apstat/filter/Unterbezirk/x0,Studentenwohnheim Rosenheim 1 und 2,"Marienberger Straße 36-40, Westerndorfer Str. 47a-m",83024 Rosenheim
X1,/apstat/filter/Unterbezirk/x1,Schülerforschungszentrum Berchtesgaden,Salzburger Straße 15,83471 Berchtesgaden
X2,/apstat/filter/Unterbezirk/x2,"SWH, Studentenwohnheim Frauendorfer-Haus",Notburgastr. 19-23,80639 München
X3,/apstat/filter/Unterbezirk/x3,"SMSB, Bayerisches Armeemuseum",Paradeplatz 4,Ingolstadt
X4,/apstat/filter/Unterbezirk/x4,"SMSB, Neues Museum, Staatliches Museum für Kunst und Design Nürnberg",Luitpoldstraße 5,90402 Nürnberg
X5,/apstat/filter/Unterbezirk/x5,"SMSB, Deutsches Theatermuseum",Galeriestr. 4a (Hofgartenarkaden),München
X6,/apstat/filter/Unterbezirk/x6,"TUM, Geb. 3901-3902 & 3904 ,Wassersportzentrum",Unterer Seeweg 5,82319 Starnberg
X7,/apstat/filter/Unterbezirk/x7,"SNSB, Dornach, Staatssammlung f. Anthropologie u. Paläoanatomie, Archiv",Margaretha-Ley-Ring 1,85609 Dornach
X8,/apstat/filter/Unterbezirk/x8,"SMSB, Museum ""Fünf Kontinente""",Maximilianstr. 42,80538 München
X9,/apstat/filter/Unterbezirk/x9,"TUM, Geb. 3100, Feldstation Mülverstedt - Projektbüro Hainich",Am Burghof 3,99947 Mülverstedt
XA,/apstat/filter/Unterbezirk/xa,"TUM, Geb. 2903, TU-Verwaltung - Haus Soller",Augustenstraße 44 und 46,80333 München
XB,/apstat/filter/Unterbezirk/xb,Erzbischöfliches Ordinariat München,Kapellenstraße 4,80333 München
XC,/apstat/filter/Unterbezirk/xc,"TUM, Geb. 9001, Science & Study Centre, Kloster Raitenhaslach",Raitenhaslach 11,84489 Burghausen
XD,/apstat/filter/Unterbezirk/xd,"Fortiss-Institut, UCC",Guerickestr. 25,80805 München
XE,/apstat/filter/Unterbezirk/xe,"LMU, Universitätsarchiv + Physik",Edmund-Rumpler-Str. 9,80939 München
XF,/apstat/filter/Unterbezirk/xf,Landesfachstelle für das öffentliche Bibliothekswesen,Praterstraße 16,90429 Nürnberg
XG,/apstat/filter/Unterbezirk/xg,"HMTM, Gasteig, Hochschule für Musik und Theater",Rosenheimer Straße 5,81667 München
XH,/apstat/filter/Unterbezirk/xh,TUM Forschungsstation Berchtesgaden,"Forstweg zur Roßfeldstraße, 47°38'40.9""N 13°05'21.0""E",83471 Berchtesgaden
XI,/apstat/filter/Unterbezirk/xi,Teleworker Haimhausen,Ringstraße 9a,85778 Haimhausen
XJ,/apstat/filter/Unterbezirk/xj,"SWH, Wohnheim Josef-Wirth-Weg 19",Josef-Wirth-Weg 19,80939 München
XK,/apstat/filter/Unterbezirk/xk,MPG Halbleiterlabor,"Otto-Hahn-Ring 6, Geb. 72",81739 München
XL,/apstat/filter/Unterbezirk/xl,HMTM Interimsquartier,Hans-Preißinger-Straße 8,81379 München
XM,/apstat/filter/Unterbezirk/xm,"TUM, Geb. 9101, Geriatronik-Forschungszentrum",Bahnhofstr. 37,82467 Garmisch-Partenkirchen
XN,/apstat/filter/Unterbezirk/xn,"LMU, Geophysik Außenstelle Unterlippach",Unterlippach 1,84095 Furth
XO,/apstat/filter/Unterbezirk/xo,"SMSB, Porzellanikon, Staatl. Museum für Porzellan, Hohenberg",Schirndinger Str. 48,95691 Hohenberg an der Eger
XP,/apstat/filter/Unterbezirk/xp,"LMU, Planegg",Fraunhoferstraße 12,Planegg
XQ,/apstat/filter/Unterbezirk/xq,"SMSB, Porzellanikon, Staatliches Museum für Porzellan, Selb",Werner-Schürer-Platz 1,95100 Selb
XR,/apstat/filter/Unterbezirk/xr,"LMU, Edmund-Rumpler-Str. 13",Edmund-Rumpler-Str. 13,80939 München
XS,/apstat/filter/Unterbezirk/xs,"TUM/LMU, Schneefernerhaus Zugspitze",Zugspitze 5,82475 Schneefernerhaus
XT,/apstat/filter/Unterbezirk/xt,Test Unterbezirk,,
XU,/apstat/filter/Unterbezirk/xu,Wohnheim Oskar-von-Miller-Forum (Haus der Bay. Bauwirtschaft),"Amalienstr. 13, Oskar-von-Miller-Ring 25",80333 München
XV,/apstat/filter/Unterbezirk/xv,Studentenwohnheim Unity Alpha/Beta,Josef-Wirth-Weg 21 / Freisinger Landstr. 86-90,80939 München
XW,/apstat/filter/Unterbezirk/xw,MPI für Psychiatrie,Kraepelinstr. 10,80804 München
XX,/apstat/filter/Unterbezirk/xx,"Ort unbekannt, bzw. LRZ ist nicht zuständig",None,None
XY,/apstat/filter/Unterbezirk/xy,Heimarbeitsplätze der LRZ-Mitarbeiter,None,None
XZ,/apstat/filter/Unterbezirk/xz,M-net Vermittlungsstelle,Brienner Str. 18,80333 München
Y,/apstat/filter/Unterbezirk/y,Kleinere Unterbezirke 2,,
Y0,/apstat/filter/Unterbezirk/y0,Studentinnenheim Arme Schulschwestern Unterer Anger 17,Unterer Anger 17,80331 München
Y1,/apstat/filter/Unterbezirk/y1,Wohnheim Ludwigskolleg,Guerickestr. 19,80805 München
Y2,/apstat/filter/Unterbezirk/y2,"SMSB, Staatliches Textil- und Industriemuseum (TIM)",Provinostraße 46,86153 Augsburg
Y3,/apstat/filter/Unterbezirk/y3,"SMSB, Sammlung Goetz",Oberföhringer Str. 107,81925 München
Y4,/apstat/filter/Unterbezirk/y4,"IFP, Staatsinstitut für Frühpädagogik",Köferinger Straße 1,92224 Amberg
Y5,/apstat/filter/Unterbezirk/y5,"SMSB, Museum für Franken",Festung Marienberg,97082 Würzburg
Y6,/apstat/filter/Unterbezirk/y6,"SMSB, Glasmuseum Frauenau",Am Museumpark 1,94258 Frauenau
Y7,/apstat/filter/Unterbezirk/y7,Wohnheim Schwere-Reiter-Straße,Schwere-Reiter-Str. 35,80797 München
Y8,/apstat/filter/Unterbezirk/y8,St-Albertus-Magnus-Haus,Avenariusstr. 15,81243 München
Y9,/apstat/filter/Unterbezirk/y9,Studentinnenheim Arme Schulschwestern Unterer Anger 2,Unterer Anger 2,80331 München
YA,/apstat/filter/Unterbezirk/ya,LMU Geisteswissenschaften,Schellingstr. 33,80799 München
YB,/apstat/filter/Unterbezirk/yb,"LMU, Geb. 3102 / 3103, Botanik",Menzinger Str. 67,80638 München
YC,/apstat/filter/Unterbezirk/yc,"TUM, Geb. 0602 / 0603, Klinikum Biederstein",Biedersteiner Straße 29,80802 München
YD,/apstat/filter/Unterbezirk/yd,John-Mott-Haus,Theo-Prosel-Weg 16,80797 München
YE,/apstat/filter/Unterbezirk/ye,BSB-Archiv Neufahrn,Ludwig-Erhard-Str. 2,85375 Neufahrn bei Freising
YF,/apstat/filter/Unterbezirk/yf,BSB Landesfachstelle  für das öffentliche Bibliothekswesen Außenstelle Würzburg,Ludwigkai 4,97072 Würzburg
YG,/apstat/filter/Unterbezirk/yg,"AFK, Rosenheimer Str. 145",Rosenheimer Str. 145,München
YH,/apstat/filter/Unterbezirk/yh,Helmholtz Zentrum München,Ingolstädter Landstraße 1,85764 Neuherberg
YI,/apstat/filter/Unterbezirk/yi,Nutzwasser Pavillon Schweinfurt,Schulgasse 13,97424 Schweinfurt
YJ,/apstat/filter/Unterbezirk/yj,"ADBK, Akademie der Bildenden Künste",Akademiestr. 2,80799 München
YK,/apstat/filter/Unterbezirk/yk,"BIOTOPIA, Maria-Ward-Str.1a",Maria-Ward-Str.1a,80638 München
YM,/apstat/filter/Unterbezirk/ym,Stiftung für Arbeitsrecht (ZAAR),Destouchesstr. 68,München
YN,/apstat/filter/Unterbezirk/yn,"TUM, Klinikum Schwabing",Kölner Platz 1,80804 München
YO,/apstat/filter/Unterbezirk/yo,"TUM, Geb.3101-3121, Versuchsanstalt für Wasserbau Obernach",Obernach 15,82432 Walchensee (Obernach)
YP,/apstat/filter/Unterbezirk/yp,ISB und  IFP,Schellingstr. 155,80797 München
YQ,/apstat/filter/Unterbezirk/yq,"TUM, Geb. 2401+2402, Winzererstr. 45",Winzererstr. 45,80797 München
YR,/apstat/filter/Unterbezirk/yr,"TUM, Geb. 2805, Bauklimatik und Haustechnik",Karl Benz Straße 15,85221 Dachau
YS,/apstat/filter/Unterbezirk/ys,"LMU, Ludwigshöhe 8",Ludwigshöhe 8,82256 Fürstenfeldbruck
YT,/apstat/filter/Unterbezirk/yt,Wohnheim Biedersteiner Straße,Biedersteinerstr. 24 - 30a,80802 München
YU,/apstat/filter/Unterbezirk/yu,"TUM/LMU, Geb.2804, Deutsches Museum",Museumsinsel 1,80538 München
YV,/apstat/filter/Unterbezirk/yv,Spanisches Kolleg,Dachauerstr. 145,80335 München
YW,/apstat/filter/Unterbezirk/yw,"LMU, CAP",Maria-Theresia-Str. 21,81675 München
YX,/apstat/filter/Unterbezirk/yx,"TUM, Ingolstadt, ini.tum",Marie-Curie-Str. 8,85055 Ingolstadt
YY,/apstat/filter/Unterbezirk/yy,MPG Physik,Föhringer Ring 6,80805 München
YZ,/apstat/filter/Unterbezirk/yz,DLR Oberpfaffenhofen,Münchener Str. 20,82234 Weßling
Z,/apstat/filter/Unterbezirk/z,Kleinere Unterbezirke 3,,
Z0,/apstat/filter/Unterbezirk/z0,Wohnheim Chiemgaustraße,Traunsteiner Str. 1 - 13,81549 München
Z1,/apstat/filter/Unterbezirk/z1,"Studentenstadt Freimann, SWH",Christoph-Probst-Str. 10,80805 München
Z2,/apstat/filter/Unterbezirk/z2,"TUM, Geb. 4401-4405, Limnologische Station, Iffeldorf",Hofmark 3,82393 Iffeldorf
Z3,/apstat/filter/Unterbezirk/z3,Studentenwohnheim Lothstr. 62,Lothstr. 62,80335 München
Z4,/apstat/filter/Unterbezirk/z4,Wohnheim Kreittmayrstr. 14,Kreittmayrstr. 14,80335 München
Z5,/apstat/filter/Unterbezirk/z5,"Wohnheim Agnes-/Adelheidstraße und Internationales Haus, DKFA","Adelheidstr. 13, 17 Agnesstraße 27-35",80798 München
Z6,/apstat/filter/Unterbezirk/z6,Studentenwohnheim Haidpark,Admiralbogen 37-47,80939 München
Z7,/apstat/filter/Unterbezirk/z7,"Studentenwohnheim Felsennelkenanger (FNA, Panzerwiese)",Felsennelkenanger 7-21,80937 München
Z8,/apstat/filter/Unterbezirk/z8,SWH Max-Bill-Straße,Max-Bill-Straße 67,80807 München
Z9,/apstat/filter/Unterbezirk/z9,Studienkolleg bei den Universitäten des Freistaates Bayern,Infanteriestraße 7a,80797 München
ZA,/apstat/filter/Unterbezirk/za,Stiftung Maximilianeum,Max-Planck-Str. 1,81675 München
ZB,/apstat/filter/Unterbezirk/zb,"TUM, Geb. 2907, Marsstr. 20-22",Marsstr. 20-22,80335 München
ZC,/apstat/filter/Unterbezirk/zc,"TUM, Geb. 2410, Roboterwissenschaften und Systemintelligenz",Heßstraße 134,80797 München
ZD,/apstat/filter/Unterbezirk/zd,Wohnheim Türkenstraße,Türkenstr. 58,80799 München
ZE,/apstat/filter/Unterbezirk/ze,Massmannwohnheim,Heßstr. 77,80797 München
ZG,/apstat/filter/Unterbezirk/zg,Wohnheim Heidemannstraße,Paul-Hindemith-Allee 4 und 6 Karl-Köglsperger-Straße 3 - 9,80939 München
ZH,/apstat/filter/Unterbezirk/zh,"DHM, Deutsches Herzzentrum",Lothstr. 11,80335 München
ZI,/apstat/filter/Unterbezirk/zi,FREI (früher IHF),Prinzregentenstr. 24,80538 München
ZJ,/apstat/filter/Unterbezirk/zj,"LMU, Sternwarte",Scheinerstraße 1,81679 München
ZK,/apstat/filter/Unterbezirk/zk,KSFH / SWH Johann-Michael-Sailer-Haus,Preysingstr. 93a,81667 München
ZL,/apstat/filter/Unterbezirk/zl,"LMU, Observatorium Wendelstein",Wendelstein,83735 Bayrischzell
ZM,/apstat/filter/Unterbezirk/zm,"TUM, Geb. 2601-2607, Pasing",Baumbachstr. 7,81245 München
ZN,/apstat/filter/Unterbezirk/zn,frei,,
ZO,/apstat/filter/Unterbezirk/zo,Hugo-Maser-Haus (Arcisheim),Arcisstr. 31,80799 München
ZP,/apstat/filter/Unterbezirk/zp,Bayerische Theaterakademie August Everding im Prinzregententheater,Prinzregentenplatz 12,81675 München
ZQ,/apstat/filter/Unterbezirk/zq,"TUM, Geb. 2908 Marsstr. 40; Denisstr. 1b, Geb. 2909",Marsstr. 40,80335 München
ZR,/apstat/filter/Unterbezirk/zr,"TUM, Geb. 2926, Betriebswirtschaftslehre",Leopoldstr. 139-145,80804 München
ZS,/apstat/filter/Unterbezirk/zs,"TUM, Geb. 3201, Geodäsie, Außenstelle Eichenau",Lindenweg 15,82223 Eichenau
ZT,/apstat/filter/Unterbezirk/zt,"LMU, Zentnerstr. 31",Zentnerstr. 31,80798 München
ZU,/apstat/filter/Unterbezirk/zu,Wohnheim Stiftsbogen,Schröfelhofstr. 4-26a,81375 München
ZV,/apstat/filter/Unterbezirk/zv,"Oekumenisches Studentenwohnheim, Oek-Heim",Steinickeweg 4,80798 München
ZW,/apstat/filter/Unterbezirk/zw,"TUM, Geb. 2806,  Lst. Restaurierung, Nationalmuseum, Archäologische Staatssammlung",Oettingenstr. 15,80538 München
ZX,/apstat/filter/Unterbezirk/zx,Telekom Vermittlungsstelle,Blutenburgstraße 1a,80636 München
ZY,/apstat/filter/Unterbezirk/zy,"TUM, Geb. 2103-2109, Verbrennungskraftmaschinen",Schragenhofstr. 31,80992 München
ZZ,/apstat/filter/Unterbezirk/zz,"SNSB, ZSM, Zoologische Staatssammlung",Münchhausenstr. 21,81247 München
